data:text/csv;charset=utf-8,0xEBfb288d442809f1BA8aa8106fcf2DdE5d82C02C,1,0,0,1638119079
0x6f7A0eD2Cb4CA507fEEC2a7F5E9f0754fAd61647,1,5,0.24349304762810756,1638122153
0xfe83B78253519dF502E6e7AD5fcC54acdCf0dd79,18,13.5,28.13506410958904,1638127545
0xb8164C9425616cdBaC04fE1a9AE4aeF93b7D87FB,2,30,5.8155414764079145,1640776457
0xd962b2e49928938E99077b740A77695799811C3C,4,114.4009,66.52926442545281,1669720944
0xB01dCfc79eeF8a12290956782C3599AE4c1939c4,4,150.95703731202198,87.78753996914861,1669721212
0x66817551BF3E84e447421e995F79723f69250650,3,1000,387.69110857432776,1653737391
0x421c386c3abA24FbbD0D21fFd0C236dD734C1c16,4,25397.407591802454,153.09427796619443,1669728293
0x0fcc4BBC7390f71e57e1dc430aa6FF2922A9f07c,17,0.000061558695653868,0.002477763447202409,1638272375
0x4047579eA6Ec6933e7125628Cc15bdD3fd9B1C91,2,0,0.000713708143072761,1640777984
0xA05318213D469A2158eA1Bce65b72Ff75bB4b9B0,3,0.000042629528675752,0.000006194124587526,1653738608
0xE8A0Cd2c31C8642E2fB1C70fa4BC40dE01d0d909,4,100029.17271155897,2114.1344547988197,1669722996
0xd207b8157f9b9Ab5c540cE2aACe75CADFB58EBCe,3,0.000006228933774401,0.000001185391458604,1653739153
0x4F105326A9ACCc9D9F8bB89D684cbE0E20e775Ad,2,0,0.000532724505325438,1640780578
0x47dEEe82EecF751eAA267a387dDb7e178bc13574,3,457.2048514640721,177.2354026785646,1653740657
0x7566c8a78148f07be48356Bb8e2A9f228cb4E516,3,212.87950175144587,82.5205760370923,1653741448
0x6E97C25ddb185Ed63023Ea08a61B86197dbB09a3,1,59.813250362621645,2.898148569471609,1638276922
0x594AB9eBa797d5A977747125912B81F4aE8536C7,2,1143.624834,221.6343405199565,1640784616
0x3960Ed181a94665f674A944ddC0e3d930Ed5225D,1,0,0.000459666409019994,1643369773
0xaD1DF18733d14a53A80Fae4C20366219fFd7a84e,1,0,0.014149586321201273,1638281343
0x12ED5071fF38EE8f839089fCdb957268091E8747,4,3267.2098534950073,212.8976972325616,1669731047
0x78a6E0AE1216001Cb00f4254349006a947fdE52F,3,0.00003824159164969,0.10904933602035792,1653747650
0xdAe141e2E082fa5B3aD2391d70693fdf2ac517a0,4,60000,482.73173515981733,1669733602
0xc1c59C6EC5D37Ef390282Cbf2Ae2908df3DBdf98,3,3435.090859306628,367.3968227921546,1653756731
0xE02ff608aF24E3C558d4b5Db84a152eeEA2645D1,4,83231.05249120368,774.0867932149939,1669741520
0x7cA53CD9DAc28A5ee821F262304dEa7880696EdD,4,10000,5811.226407914764,1669743191
0x921bA00283ea2Be5c4ca370f810Dabb1d55f6c07,3,71000.31576573002,12808.452461327208,1653759425
0xebAe34a04aD07411097D13B8845cECBd5741b239,3,0.000030605633900268,0.000004049209604256,1655240439
0xCb69987E45071B1E20c4Fcf7aA11510281f70Fd3,4,45053.99547261219,14943.297966298178,1682854231
0x9Afe297baAc02dD24F8068a93538aB0D22937c8E,2,0.000023892265346604,0.000199086302779757,1640803071
0xCb69987E45071B1E20c4Fcf7aA11510281f70Fd3,3,10000,3873.6278538812785,1653763318
0xb69ED7867CAbB5bF2D72d6F479f6E69D51613F98,3,0.000078767502248541,0.000003857578477795,1653763629
0xF2Cc670e84E346e6cFe34f2676298fF1AC928560,2,3440.4195674420343,666.3383802897865,1640803642
0xCb69987E45071B1E20c4Fcf7aA11510281f70Fd3,2,0,0.015073054370205324,1647805531
0x96EF1Ce3107453A8B05636990Af7d23C457e7624,4,59367.31310624594,483.8345656951881,1669748059
0x0fcc4BBC7390f71e57e1dc430aa6FF2922A9f07c,4,774.246618150685,424.787387250871,1669750973
0x0fcc4BBC7390f71e57e1dc430aa6FF2922A9f07c,2,0,0.000223554033484744,1640807338
0x63a90668aECd88F64f5E444490e57DC5DDFA2a2F,2,0.000010096957510086,0.000001788071730395,1640809846
0x73451ecBcAc4389e36C63628f02E2f9F939F435E,17,15.38633431810997,522.268562727629,1638305846
0x04093CEA385066ce47E3af237F272fcE694796C1,2,0.000085671241185401,0.00795494747679923,1646592436
0x7a6b93eB7dcF2F135C710e77E24f163fDd7c488A,2,0.000088685946219086,0.000024312611585442,1640812133
0x593ccc3EAE8121a8Df123fe14Fc6D706d3E3674E,3,1000,46.7505834601725,1653772800
0x4703D564C0562e5463Ae4b868E87CAa7a8B2ef8A,1,0,0.001526121158334948,1638307791
0x53C027C67186105A615dBAf24161254a2B3d02F4,2,0.000089872577005263,0.00001332296433709,1644002723
0x92a58d6E9E080CFa08b8fE377CCa5D5faF1dE7fd,4,4836.034258915827,266.4230711557339,1669763032
0x59869BA0334863b4134e8d158ecEEB2c1491f3eB,1,0,0.002064307458134696,1638313742
0x92a58d6E9E080CFa08b8fE377CCa5D5faF1dE7fd,3,813.3733992897006,29.873902980733252,1653779423
0x0b114FaDeEba02eF5e20c81C66a035f00AAA3985,2,32774,6343.882224619482,1640821789
0x149cf6D67D401BBcBe7E1A846c1915CC10bF75E6,4,22250.909663871502,745.9888404352207,1669767385
0xb03Eb3bdb5eFc3A08C19Ce61Ad72499D27065432,2,0.000010901089412679,0.000001926513315419,1640827319
0xF9C668b09C47DFB146b03f6BbC0323763Ad59b0b,3,0.000058434804654725,0.011557572660700764,1653790982
0x68f27C15076FB8068951e15ef3EC2636923e1743,4,4797,2783.158798630137,1669792364
0xCb69987E45071B1E20c4Fcf7aA11510281f70Fd3,1,0.000050740350867272,0.00611655498083967,1638823084
0x53b4320baAA20adbb16D1620310270Ed67E10521,4,5758.380062166131,807.3366074452701,1669796214
0x53b4320baAA20adbb16D1620310270Ed67E10521,1,0,0.6859606515028709,1638346719
0x1af51C0223d2896521e85Ffb7a30D2BbA7F576f2,2,1575,304.5035359589041,1640857864
0x33d27f5F998BE73b5eaC7a9d9281512dfCC5492b,2,0.000065793394732707,0.000011528332838211,1640863341
0x12dEe4fD5074c2fB933719CC5c85509e198eE669,17,0.000093583056720445,0.000327135375427923,1638364545
0xC5995b3210AA5B28aDc8e3820B9F4482b13b0fF1,1,0,2.09e-16,1638364943
0xD18647d63B8BF738D8CEAB93e159d62BD397fE0F,1,0,0.6285649730048198,1653401598
0xdC770082e72864895D3532CbfFDa493c8dDac7e4,3,0,0.0025570776255696,1653837718
0xA2dCcdDAe8D0Bd4D4dcd532Bc2bb8f01506c365d,2,0.5412050302794197,0.07501965972758909,1646891090
0x33d27f5F998BE73b5eaC7a9d9281512dfCC5492b,17,0.000035621566439659,0.000877229989046875,1638375192
0x3fad424Bc50eC35Ca2FE377a7A62Abe3609AE3d4,4,61065.75489592502,1398.7020536216003,1669827635
0x3fad424Bc50eC35Ca2FE377a7A62Abe3609AE3d4,3,0.000018262150477609,0.000003452603625133,1653843894
0x3960Ed181a94665f674A944ddC0e3d930Ed5225D,2,0,0.000868738904109189,1646549530
0x67180cEB93Bc144aC0b42419735C631B8C5836FE,1,0,1.5738156868340933,1638382262
0xb69ED7867CAbB5bF2D72d6F479f6E69D51613F98,1,0.000065753424636945,0.000022060082722269,1638383581
0x70f610ccD92bDd16C056ac2a65294638a2BbC210,2,0.000090293405565899,0.0042067358280825,1640889861
0xc4016449AcF7f8232Cb715ff7493808Eb828cFBe,1,0,0.015696347031916205,1638384535
0xFC3BA681FEd13AF1513ACa6d2D5428e84CFc675D,3,100000,38623.7037037037,1653852117
0xb861D37e34073E686E597c3318c74b978D882b0B,3,1477.7824112015596,344.82050698803965,1653852478
0xcd28042ec9D262f64b8e86a5d0BDB28E91F0acE2,2,4188.673379564881,390.79113951490194,1640895201
0xD0aA68c3c1c005CfCD4215F0d1f500B96921d700,3,256.68148206251254,99.12034771182849,1653858124
0x0e79C2146417A1235CfC8e90F7C99097950cFA5E,4,1700,984.5693930745814,1669846488
0x94A66a13e53799Cd4a97Ab34BC04a7D3c398fDd4,2,11669.30173986428,670.1120946171694,1640922554
0x937D9B0adE48526b9e32a403cAEBD8eF8624628C,4,1211,90.8326954718417,1669883642
0xdA2a47C9F23158C0cd4E100e35155551f9e9BF57,2,926.0669193039284,105.5163044070669,1650322782
0x937D9B0adE48526b9e32a403cAEBD8eF8624628C,3,6000,300.0029173008625,1680361132
0x937D9B0adE48526b9e32a403cAEBD8eF8624628C,2,6320.483658938686,157.99921301567306,1667401479
0xf792C47D00C2A65152eed9434e36aE9723cf7658,3,903,274.1553704591578,1660781894
0x4703D564C0562e5463Ae4b868E87CAa7a8B2ef8A,3,0.000070703844417585,0.001962087993469716,1653932868
0x7B36d57611BADA7E20E6968957816D99dBd60429,2,0.000070695353522849,0.000003519574093315,1644023617
0xD18647d63B8BF738D8CEAB93e159d62BD397fE0F,2,11.64508563000398,0.1072957958472664,1669890279
0x921bA00283ea2Be5c4ca370f810Dabb1d55f6c07,17,0.007799999999999585,0.19062011063822606,1639934035
0x9Db3a03E8612d8909DC133Bb89eAeF603377D9Ad,4,775.4222779009816,110.26327754702208,1669927970
0xB9F48ca2bD17De754562F6e7e7Ab50D121d47d64,2,740,142.46628018772196,1640986221
0x7768906c1905481975CC36614E97Be611fBCa52f,4,1112.4842824806908,642.2496430425103,1669943613
0xeB7bd52BC7dC5aB0C634Ac499635322396830ADe,2,500,96.12371575342466,1641029515
0x64961092B51b5cAcFDA48Fc2D9d126C70ad60E50,1,0,0.003647384740786009,1638531887
0x0aB3D4A16cDb9CF87F5CfABC4496368207bb913c,3,410,155.4321357179097,1655298648
0x008B6b171eE0745963468D86d452561d39ccd5b0,2,960,184.42409741248096,1641051438
0xAEAdfCc409CFA02fC51da86fa70a91dC958c1C1F,18,0.000031403688850696,0.009507767330568212,1641281014
0x867632f93aFCAeA3A4cA9E3a38FDB705159aEB0B,2,25000,4800.186295027905,1641067364
0xA445A5CA9c64610B76476dee74d1f5a74C7d42f9,3,46310.069054964784,17778.83141312517,1654035752
0x5f53667eAfA08a0AA29196F0E781535D34fB7fe7,4,28678,122.35237355403348,1670019782
0x7237635aa381505861F91418B5ED97Fd0bFDF654,3,0.000033456370837084,2.88004016647e-7,1654042592
0x74E730592F54cfF4cE967F6d90451BfBD5AD0CeB,2,0.000030306172448036,0.000005312743549473,1641087610
0x78b9ACEe8cA2031f07974874256264Cd0BC17d57,1,0,0.022575841894977078,1638684688
0xc4016449AcF7f8232Cb715ff7493808Eb828cFBe,17,0.000011767003684327,0.000289787384301725,1639496126
0xdEEbB8C29EEcc6A55Ca61E95329fB5F5CFe1497b,1,0.000009203767119043,0.000001088108569018,1638602541
0xD92AD31735Aa0826d8348ec21e3a509Ef51240f3,2,0.000073242457347078,0.000012183909726743,1641112896
0xFf13631702DaA6083055e3CEa61007fC3f7C803f,1,0,2.5325e-14,1638609738
0x2E97B0328071E78A415c2D256EB528b936b15064,2,0,1e-18,1641120124
0x1E535ca8C8A4364d6ed7468a8a92A5Fa18bbc81F,2,0,0.001511434550987482,1653812938
0x85604f1f7bbCf20c2bA76c1638e8559B938B11f0,2,0.000068784880766163,0.000030677431266182,1641123027
0x7511eaa4F91bAa44660A8e34FD41858D14b2387d,4,3000.0069634752945,1290.4482008072212,1670365718
0xECE055a7F82279bE090611Bf455d5c0A206426D6,2,0,0.000856164383560748,1641127687
0x3fad424Bc50eC35Ca2FE377a7A62Abe3609AE3d4,1,0.00006009287956781,0.000062642646380474,1639606405
0x659B95287F033Dc9778ce8dB980cF83F56eC0485,2,0.0000429096905044,0.003335628159577063,1641133906
0x0aB3D4A16cDb9CF87F5CfABC4496368207bb913c,4,764.5500000000001,424.01266925133183,1671378443
0xb47bD032F5c4319E68b5Fea2644cbEe55033C3AD,1,4.64e-15,0.000092287301845032,1638643513
0x5f53667eAfA08a0AA29196F0E781535D34fB7fe7,3,13645.87537207518,38.81579980741947,1669897716
0x73451ecBcAc4389e36C63628f02E2f9F939F435E,2,0.000003335713021211,0.000255364931282158,1641179567
0x175FDA0d999177DcD7d586892eeE84bC6813843a,3,3.33469908832e-7,5.2168351457e-8,1654140464
0x9a598d6FeD9fA9907e0693597744526BBA26CF22,1,0,0.1897461631151697,1638677616
0x89BB009DE6590c982A5c3F320134794Beb62Fe24,1,46035.754381012055,452.72389431796466,1643145971
0xD7A3930D61E0D2e86B39B7e158a97EcB92Cf313B,1,0,0,1649340626
0x0aB3D4A16cDb9CF87F5CfABC4496368207bb913c,2,140,26.742511796042617,1641223405
0x78a6E0AE1216001Cb00f4254349006a947fdE52F,2,0.000008681157623868,0.0000014593497653,1641804661
0xf8d3aCE9A719c8308202C5727869A0AEab8C9c35,2,11239.88805769198,77.71796646435897,1642267621
0x9a598d6FeD9fA9907e0693597744526BBA26CF22,2,1310.8385867803174,249.96197952804988,1641275344
0x693C8f6A89a28a87553EBb644b36805cc330aC82,1,0,0.000006344475361485,1642769140
0x8b60B0F48E705Bd3771407e3e03b7AC80fDb472C,3,0.000030199999997967,0.000001666552754834,1654259363
0x57b7F1990649e292dc6b77FB0802F0278D4686F4,3,542.7209302,206.8129384074721,1654259821
0xdC770082e72864895D3532CbfFDa493c8dDac7e4,2,0.0000073361427083,9.35593847025e-7,1642766459
0x58663B507FA0E0a6A94f737d277A7C10DdB5f534,1,9.4704e-14,0.000134041404642445,1638812701
0xEb8885DEc4df6f6d1E71f40d38a21b3Bc021adD1,3,0,0.001940639269406,1654279685
0xb47bD032F5c4319E68b5Fea2644cbEe55033C3AD,4,404.21838208046944,230.86582200779,1670267950
0xC550D811aF962e3C3FC5389FAa53f0DD78a29932,1,0.00004597441829901,0.000002156426113406,1639064989
0xC550D811aF962e3C3FC5389FAa53f0DD78a29932,18,0.000028884950779684,0.000049487737675024,1639172430
0x53b4320baAA20adbb16D1620310270Ed67E10521,2,0.000036339096813569,0.000035126073366283,1643945059
0xf2015038F278593FD5bE5E8F9BBB4646D603C9EA,1,0,0.003257646023479292,1638868500
0x48Ae00B6262aC802f3840ddDcf3D4643668d819e,1,0.049999999998544806,0.011699132499290402,1638868617
0xCDeceeAA985Aef51A45C79418F3EC9254C22e680,3,0.000060123287626266,0.000005230461401709,1654342481
0x693C8f6A89a28a87553EBb644b36805cc330aC82,2,0.000045056034726072,0.000006884744981982,1644266281
0x199e6e801AcB9bB3E21cccB3fD963b78Da97Ee39,2,0,0.000050995687467835,1641403674
0x3c5061CE1d85d91453373d90aADF34F234651729,2,279691.5633317047,30103.537498611342,1641405592
0x964d495B802793Ade6058F6720cA13715ed7217D,4,116190.97827044662,3070.3466007965517,1670350924
0x475F85E9dc549B4Ad5BFbB4A64C4f2dFE5ACdEf8,4,1626.3245972162144,266.7246600831725,1681127606
0x475F85E9dc549B4Ad5BFbB4A64C4f2dFE5ACdEf8,3,0.000061312813885695,0.000003865021670208,1654373787
0x32324e483e2892771314Ba6bdF12374b5282A417,18,0.000076299197622575,0.000006117632212575,1638908925
0xa2d2cb211Ec307322C91f10D8B6B5827870089a5,2,1012.1237215626586,171.5702540784693,1641415329
0xaf770861cc9df2d2133aFa1a6896af829369b72a,2,0,2.167e-15,1641422409
0x90e7e4357A78105ee1e6eDc793B7A8E31a6b434b,2,0.000086734278574295,0.005014688195275303,1641450887
0x7511eaa4F91bAa44660A8e34FD41858D14b2387d,2,0,0.0000443937087772,1641465945
0x04b0Db32007120F8B4B851a475Ecba766B65d5C1,4,6477.9303,3681.9879192069347,1670412622
0xa7190002Ed9Da291f20E7aB71700C64c8eF37C05,4,4000,2273.5498477929987,1670412732
0xa7190002Ed9Da291f20E7aB71700C64c8eF37C05,3,4282.8572,1622.8785137525472,1654428794
0x61517350F68F4365A6C249DB6FA84b87F414041B,4,1088.75,618.6840725123668,1670419872
0x1E22FC22BFf8DDE1Bc0Cd64c707D04B500e285b9,2,1.8772e-13,1.5614e-14,1653191199
0x3fad424Bc50eC35Ca2FE377a7A62Abe3609AE3d4,2,0.000053693691662081,0.000616290056191424,1647768103
0x735fee34BF5798e7619827eFbf8F4690788219F7,1,0,0.000004379516108548,1639000388
0x477DF629B3603a9176Cca7c5cc19b615BF16A6e6,4,20218.623169472165,2337.6544379759157,1670463571
0xD7A3930D61E0D2e86B39B7e158a97EcB92Cf313B,3,8.1127e-14,1.4618e-14,1654485730
0xb861D37e34073E686E597c3318c74b978D882b0B,2,404.7936,63.1056867550685,1641532837
0xA2dCcdDAe8D0Bd4D4dcd532Bc2bb8f01506c365d,1,0.000027770025732251,0.001443352947095228,1640085247
0x5a161d30a9EA43b9aB4000F76a31cc57EeDF5acf,4,300000,1195.5022831050228,1670520568
0x5a161d30a9EA43b9aB4000F76a31cc57EeDF5acf,2,0.00007808219171,0.00078439985226294,1641578174
0xEE6aA5511Dc85438Da94765e60Ce04a2FF8a7D86,3,2.12458e-13,0.003276297656040928,1654539526
0x60358b79684d1977C6228C3AbF626689ED2DD1b8,3,93391.86086890083,6418.194536070636,1654542433
0x061980958521924814Dfa471BD2D00ac80a5D56E,2,6.422374429223744,1.0931882839847884,1641584670
0x061980958521924814Dfa471BD2D00ac80a5D56E,1,0,0.000165422922373084,1639079217
0x276B68CF370c8804E47493F1077A0c4ECba629B0,4,2500.6301,440.8355943132249,1691021482
0x276B68CF370c8804E47493F1077A0c4ECba629B0,3,600,226.45958904109588,1654546387
0x80060d27C41581552A2283167c9defa14E16e078,3,3027.8165,1142.612650544362,1654551182
0x735fee34BF5798e7619827eFbf8F4690788219F7,2,40.6272,7.664334935768646,1641596795
0x43A96Eb377B0BACE768F577807dF90f80329337f,2,4044.7877166784797,330.1176345772322,1658474212
0x34f00cdE044D71F84Dc8DDD6D2C6e1216f77b7c6,3,5309.6195,1164.4351827923579,1654565456
0xA05318213D469A2158eA1Bce65b72Ff75bB4b9B0,1,0,0.6363743060644969,1639117394
0xD65203B6925480ee4399Db55CCFCAb07970e793A,4,833.0718759023649,139.59208170353608,1670577377
0x9582bd002f02d9234A52ca6f81FFEAC710740B91,4,285.8098,161.5308027493303,1670581916
0xB5023B99670B3AA9F071830ED18DF3F9Be302214,2,2.44472e-13,3.4127e-14,1641639104
0x67a540A14eC049940F731d851075c013A1a33CE6,4,840.577,475.04732572149925,1670583212
0x8d7869173B98bBb63A8F8a98e9669E0C29ae0BE3,2,0,0,1641714274
0xF002961aaFB03fAcfe8E19B1d1067A5Cba75CfA3,4,585.2273,329.5676029423763,1670688317
0x77EE8201dc67dD386eBd2cdF9e0bbBa19208B486,2,0,0.000079901217655332,1641744850
0xC550D811aF962e3C3FC5389FAa53f0DD78a29932,2,0.000085086829363183,0.000014564745031497,1641759214
0xe787bdA490ee17caE3DE7362219244dCE08fE6d9,3,0.002599999999147258,0.000359599867969505,1654778987
0xAC65603D889FF0120c6A607A8C7d464C1b627a01,3,0.000099999999970896,48.47258391900684,1654793345
0xC2B0Bae7Ac267c4806B83A44FEB259B917a1409c,2,1452.0260074438816,12.408164481837844,1666524703
0x63F06788670D8FE1e8994f88029b611B7A63821A,2,20000,3742.4974632166413,1641837360
0x94bB94430135633C149780893f93Efb460192828,4,13684.255524305696,573.6413359585305,1672645225
0x729430b72a5f8C51d4149ab7b65Cc9E3731DB330,2,367.0989340218887,38.60504164907687,1641843357
0xB38B6655abDA0c525b4DB1d7aD06178c7653fF17,3,7565.477525951723,1977.068853925359,1660599633
0x94DEbC57081C4c58Dd69F4DFCE589b82fc3C2866,4,7430.3818,4167.786962916663,1670805708
0xee424711599A448D844a4571e08cb69c7839A3e7,4,70031.06482186001,2962.6538045508573,1671551429
0xb2540081C94e00d6d3a89d7bC79012093686312b,1,0.7659000000001015,0.04550258559789437,1639415138
0xA2504c77095E51B4a68A10deB4Ef119D21F5C534,4,2710.854124610881,1107.4563747065336,1670844881
0x122a63eB938887127803aD4acBc450f5FbF8CF22,2,0,5.78e-16,1641911218
0x45a80c403Caaca25e26a9FE3928b85d5893266d3,1,505222.2,23571.217357716894,1639411289
0xD2513970EB10774a303Db3608cf3340F897667b2,3,9562,3561.276919812278,1655066269
0xD2513970EB10774a303Db3608cf3340F897667b2,4,12163,6805.490695719178,1671049885
0x8e46CDCA5fEC04E0c1722fC2CED91957A92F601d,2,64938.0368,1234.325137079858,1659592734
0xF5b81Db712F5C32254f8eE8A7685485BA3954D04,3,0,0.00190258751902,1654886090
0x9AB50A1e5CF0128357a3f0fA869DCF98B5C98171,1,1.01863e-13,2.312e-15,1639425614
0x475F85E9dc549B4Ad5BFbB4A64C4f2dFE5ACdEf8,2,0,0.000297476879756716,1641933596
0x7D4aFA1E154C33aEa5C6702dc7744f3a23922ea1,4,8344.3472,4665.666802864049,1670898782
0xF6C8c2F198d25b242312B607495D6D3bb653A5b5,4,1000.8067011772778,484.49094294683465,1674510772
0x1cE8AF0A332Ec88A07C56783AF64DcAADEd26cBb,1,0.000041118000296449,0.001887893596385579,1647413749
0xf792C47D00C2A65152eed9434e36aE9723cf7658,2,0,0,1642027867
0x34169a1Bd1f8525Eff72265452FEC779a972b7F9,2,19996.509227018218,2304.120222297413,1642032537
0xb0d14cE08B46f58351C3d10885b7A824F9b01D79,1,0,0.001887750097034256,1639574774
0xc910B529819cE57C545e9fd506A4D169009A4fA0,4,375.7638230867123,114.79123669602922,1671028843
0xD2513970EB10774a303Db3608cf3340F897667b2,2,3000.9998,556.4424595676408,1642106350
0x6c961fFF8a1F49e0a01A36eeE5169ceD8A6163C5,2,0.000070269334080836,0.000003268161307385,1642154797
0xb0d14cE08B46f58351C3d10885b7A824F9b01D79,2,0,0.005365947328770853,1642170421
0xF161a8D97FF5E74ddEC947823a2c284883452E5A,4,13108.1369,1347.7962931373859,1671144290
0xCcb97f166F5e91f8819176Dd293dB97F53e6004C,2,4.4747e-14,0.000022465819388772,1642820389
0x756bbCD5352c086FeCCE5947e70fB0e7a5972931,2,453.0547765600379,59.6535483104348,1647958279
0x756bbCD5352c086FeCCE5947e70fB0e7a5972931,17,0.4723,0.23850523980847285,1639777107
0x677ACDf1bDB5CDa4814998026F3015e3d35292a1,1,3.4763576122526536,0.15684431323597411,1639778469
0xeC5570C0A8024B039F7232bA0e66E826F188c647,2,0.00004029680364837,0.003369449361527469,1642286124
0x9Db3a03E8612d8909DC133Bb89eAeF603377D9Ad,2,0.000097643510618383,0.000014964541128192,1642352607
0x1cE8AF0A332Ec88A07C56783AF64DcAADEd26cBb,2,0.000007391304165427,0.012397208749843713,1642382038
0xe86eD5c7FE796d9aef6D5b00dE03b473474Fd621,1,0,0.03767774033485535,1639900428
0xf792C47D00C2A65152eed9434e36aE9723cf7658,1,0,0,1640004569
0xe86eD5c7FE796d9aef6D5b00dE03b473474Fd621,3,205.7142,75.19870578395738,1655483330
0xA29A19D9F3DB5D10b13593A6149244D8CCda1D58,3,0.000054615466020135,0.000008118230185595,1657031704
0xc4016449AcF7f8232Cb715ff7493808Eb828cFBe,18,2.1581,1.3772295363203957,1642763083
0x076D272bA5295fDD2153D09abfd56Ede8eF9B3C9,18,9.09495e-13,1.490462e-12,1640161549
0xb69ED7867CAbB5bF2D72d6F479f6E69D51613F98,2,0.000049284079045208,0.000005515069103439,1642788118
0x076D272bA5295fDD2153D09abfd56Ede8eF9B3C9,17,3.553e-15,7.1603e-14,1640853358
0xf05c5228DcCd13B68dB985664289905b34e82b3E,2,3.55067e-13,0.004334725876512519,1642814460
0x0DdF113Da467B18763e39ce1C765B7b8a370512B,2,0.000058459585788459,0.000008828860426694,1644937147
0xf72CFbEF2813E2893A961d8b2727aD7F46326BA1,2,0.000071036436136977,0.000010802896209708,1644219745
0x05aA393Da1168b1324c76D18924dCDA8B857AD98,2,0,0.000050837138505,1642937540
0x96EF1Ce3107453A8B05636990Af7d23C457e7624,3,3000,1080.3955479452054,1655910466
0x2C4b3bB176c99f712e4844e3A115c49BBF1092B3,3,1063.527715738029,136.197809006397,1655911264
0xC90ABa8217000B6Cf7276e13322CbbFf36c7a0F7,1,2.01544e-13,0.000594258692927055,1640566472
0x4b61eCC26ce951bF05eFD8789f58B4E64fa9B13C,2,0.6699999999982538,0.16025818594602756,1643113158
0x4F3e958895C035384Aa3a628C5EE8c62D23Aa5d5,3,0.000099999999970532,0.000006498083458257,1656082126
0x47D34eCBf0b9313f9d08eC65d38778c5201E336b,3,9.2405e-14,40.48209405764588,1656194341
0x06F2261712Ba33a57E591Be989B0a9785e272105,4,300,160.37085616438355,1672190302
0x8DC9f66656A82Ee6086d65d295A042a3A3fC9D09,2,2809.5736,375.5406575537468,1650267369
0xb07b157501AE0487053601aBF72F8ad48A80b233,1,0,0.31743515756944435,1640786781
0x076D272bA5295fDD2153D09abfd56Ede8eF9B3C9,2,3.911555e-12,0.000002156551232881,1643452299
0xE8A0Cd2c31C8642E2fB1C70fa4BC40dE01d0d909,1,0.00004763402027557,0.000001148667376728,1652282464
0xac614A394007c9d70e9117A269F4628a96A7E93a,2,0,0.0000881278538804,1643458170
0x1501133e80b0a550f199bF8b1d90e1667E86C48C,17,1.0659e-14,13.362338417514597,1641145171
0x1501133e80b0a550f199bF8b1d90e1667E86C48C,1,0,0.000050327855775552,1641056511
0xf7C061d66e577f83Ee3e50e097F4f8E6Ed1012a7,1,0,0.001203540889138954,1641266164
0xadbEb7d64d91586204E96F2Fd7fc6d2AA0AB8EC4,1,0,9.4e-17,1641136417
0x88D063050330246fCAcCdB723F212aE8C28579d6,2,81.9503,12.321578939365804,1643646127
0x818eAC550Ac90C72d237ef0c630256f19363adA5,2,0,0.00007135971588,1643673034
0xA2dCcdDAe8D0Bd4D4dcd532Bc2bb8f01506c365d,18,0,1.18581e-13,1641209291
0x2eF7aE11b89ac220De9441f8B0a16125093c7312,1,0,0.11461607330352548,1641210452
0xe1EC5d706291643eD42d1b3Cfb24670510c74aDe,1,0,0.000249260480085061,1641230099
0xadbEb7d64d91586204E96F2Fd7fc6d2AA0AB8EC4,17,100.0035,3.761585227739726,1642545012
0xA79FBC93c9092F5F18b8B60f9a11C99F697FAaC9,4,14401.4488,7556.133579172649,1672710193
0x33d27f5F998BE73b5eaC7a9d9281512dfCC5492b,1,0.000035705821247743,0.002159363346429618,1641296056
0xEBfb288d442809f1BA8aa8106fcf2DdE5d82C02C,2,0.000080148434534539,0.00034940800016446,1643804303
0xe1EC5d706291643eD42d1b3Cfb24670510c74aDe,4,1556.8792,814.0471393971842,1672805177
0xaD11c5BD64C4dAB94aE57999af7d6427f5480AE6,4,5007.508,2616.372816811111,1672825208
0xD3F51a25e2d9dA029f0517f91A437a5cE85ee329,2,3526.1854493852866,22.156623469144513,1665768841
0x44DFCAbc3Ed0707F11205D98aC6bC88aD6030F55,18,0,9.145e-15,1641424124
0x33299DE23C403638E423dAEfeB7b5eCa4F1F2903,2,3000,520.8773211567732,1643965976
0x33299DE23C403638E423dAEfeB7b5eCa4F1F2903,1,0.00000744106609382,3.15660791046e-7,1641460484
0x512BfEba4cBe1e4D44224751a0121e1b7fdbf8D5,3,0.000069111240674645,0.003221237628769157,1658914024
0x04093CEA385066ce47E3af237F272fcE694796C1,18,0.000099999998940621,0.000069512093378266,1641484755
0x986E390F206D197Ee1cb4e5B552F46e6a0a329fd,4,2426.8741,1262.6170810862939,1672942181
0x7B36d57611BADA7E20E6968957816D99dBd60429,3,0,0,1656967389
0x4ad97344D08d790233757F1Ab0365327fD3Bc3ae,4,2436.2668607231026,947.9796175897663,1672965241
0x59869BA0334863b4134e8d158ecEEB2c1491f3eB,2,0.000017785698465205,0.002527444134319063,1644045300
0x2d17D111502fC72B7F495d4632a20B5Df74c9d87,2,1540.473415770613,28.104554092781555,1644116238
0x421c386c3abA24FbbD0D21fFd0C236dD734C1c16,1,0,0.000068441820776074,1641643256
0x964d495B802793Ade6058F6720cA13715ed7217D,18,2.183e-15,0.22858549851595403,1651205733
0xcb4cBc2a37Fa1eDcDE4A522b6e955eb956Cd9E40,1,0.000080822330123021,0.00007176387989817,1641679094
0x964d495B802793Ade6058F6720cA13715ed7217D,3,99875.28619358204,1759.714119405493,1657201341
0x0f64b05B0545E6165A11146C2b91EcB55c3cE4B6,4,4840.5245,133.07565166448822,1673333256
0x8d7869173B98bBb63A8F8a98e9669E0C29ae0BE3,3,0.4278999999999087,0.03495095169710007,1657413980
0x7EC7eB1E55125591d81577Adae69D369FFeD8915,4,10090.4967,5151.054970077329,1673456183
0xe86eD5c7FE796d9aef6D5b00dE03b473474Fd621,18,36.9827,26.292473889351854,1642006517
0x33299DE23C403638E423dAEfeB7b5eCa4F1F2903,3,3320.5874,1126.9025317228793,1657547511
0x77EE8201dc67dD386eBd2cdF9e0bbBa19208B486,4,1237.3892,609.3666344873059,1674404809
0x964d495B802793Ade6058F6720cA13715ed7217D,2,456425.78322120564,4021.2390929719363,1665246981
0x7b1084196dAe265DcF6E4a09D8C41A1B5Ebcde41,4,3000,1525.163299086758,1673566463
0xb07b157501AE0487053601aBF72F8ad48A80b233,3,143.11323122005834,38.3251497060555,1657748064
0x6701bb0663eD8CBB7F4cD059489b03dB92F28da7,2,353.29441487837346,41.81841667581233,1644810733
0xb0d14cE08B46f58351C3d10885b7A824F9b01D79,3,0.3374999999996362,0.029136984874401813,1657811877
0xD18647d63B8BF738D8CEAB93e159d62BD397fE0F,3,1123.8749099435408,13.316121535714611,1681065343
0x7414B5965A6624f19aC9e3805b21E6A3946bf33b,3,125,41.76145199137493,1657963547
0xb2dFB8dA4143EEa23749f463244d54b7dD2BD205,2,0.035874145289668265,0.005246931831946685,1645087279
0xb2dFB8dA4143EEa23749f463244d54b7dD2BD205,3,11065.043760031658,974.8477584224909,1658047417
0x9c5071e4081C7Def7C4E00d41C7A0352Bb0D9e8D,4,3872.106890309361,125.53538506490061,1674103551
0x2434e9E52fd45Dc3654e17B5A3FF45a302d8eCeB,2,0.000075976540315726,0.001869777460682272,1645166046
0xDd2f6D95C74E5ae1273Cb9f4EE587A1Ae493f083,1,0.000066725574365552,0.000002345019594054,1643001893
0xaBCA61F8Ab32E249B450A26c9890e61Aa5B40b9d,2,1.09867e-13,1.6158e-14,1645560784
0x5F29D9B63c275E331439107E7737653C9D31e28d,2,5000,829.4361364789447,1645186247
0x5F29D9B63c275E331439107E7737653C9D31e28d,3,5000,1658.866882293252,1658146341
0x0652d76aFA37Eeed3e49D880C7Ed8Df031dAc669,2,0,0.009248696849310813,1645193763
0x4a88681a5D5C07464c6098577D46D6C29848B12A,2,1580.8329320395737,244.61088540904797,1646945055
0xA1E9fe63B2f9eAa890B3A26A1A6c5eDD049737a9,18,0,0.00008464393436002,1642694446
0xa939d337c9dFc8Ca634Ea209d2B1c9df37E0308e,3,0.000022340668358627,0.000001875044304385,1658168369
0x5a161d30a9EA43b9aB4000F76a31cc57EeDF5acf,3,0,0.07349458305932692,1658184627
0xdBDF52b6bA5C216EbD052eC5829AD9206f765304,1,0,0.0000645294266857,1642721049
0x4fa33Ac3f72366B625Ceac6489453CCD4EEA9376,2,15815.607192469524,1796.7179727105345,1645230864
0x0Ff0541535BF4049FdD7B71133d056B011A72056,4,10518.501906066376,460.94672958066667,1674175527
0x796fD3466ca51e1AD4a530f65974A0452EA648C5,1,0,0.000004144623267744,1642742385
0x5792d852cCdCAb3822F79A052d6bBD95Fc383755,1,0,0.000175832140885338,1642743171
0x5d2Fb1DC017d3041AAA110B91e7b5ea41a5a8217,1,0,4.830651643044131,1642766353
0x7C8089495D3231C819255085348df8eCDb72fe19,2,0,0.11367121309931212,1645474768
0x7C8089495D3231C819255085348df8eCDb72fe19,1,0,0.005945858945486599,1642841811
0xE20b4229D97649686610A99e32e6bB6Fa676624A,4,2140.3241321252103,37.304066019498975,1674223129
0x2dB10a6f79D138c5f4e8a60F6887CC45a96691ba,3,11.074728056823947,2.468102179468291,1658259990
0xfb6e87DfA73Daf6603a08d576678FA46bCcc7dBc,4,926.2842170852359,375.77175963548547,1674247933
0x5F527D60bA42c3515e6a221d0dB375a11B965631,4,7238.945395232611,2388.8496390631444,1674250777
0xd3A5a7F2e79FfF4b4E401b8E3D38C2A4EB7F7791,2,1516.4454,218.26877833430365,1648648034
0x1b5cB2b3d6203D35bD58891be7B52B9Bc8332ef1,4,1491.3253,735.2862638358885,1674480431
0xD3F51a25e2d9dA029f0517f91A437a5cE85ee329,3,0.000071987357807113,0.000003029714506429,1659480271
0xf2015038F278593FD5bE5E8F9BBB4646D603C9EA,2,0,0.037890586084419156,1647937077
0xf2015038F278593FD5bE5E8F9BBB4646D603C9EA,3,0,0.004331826076857368,1658351021
0xf2015038F278593FD5bE5E8F9BBB4646D603C9EA,4,168010.2132,5425.665438091438,1688315708
0xd074d426FCeD9E7a16661903F352A7C02E6D9155,4,3146.2119,1552.7592491913015,1674347274
0xA517518318E096b2276CfFEd406ADc5b8D4b079E,2,0,0,1645432885
0x94c82620982fa97168430585B9308641701Fc229,3,0.000033010640536394,2.2142857699974985,1658420884
0xad852CD15846737011D2B7908D08503C8a686f18,2,0.00006301369862816,0.000651670611598272,1645495151
0x7dF7AE2e50fD971A4eA68f54E3457C1feC9F4001,2,0,0.000141731316590497,1645510970
0xD558516693F78021F326f8c73b449a66C2C5e828,2,0.000076948878105575,0.000008996284735504,1645511105
0x30673C84211A21BBa332Abaf1271f2b5BD6398ee,2,0,0,1645564315
0xbce1940EBb32494D3d505a67bA6A511eDf9fe218,2,0,0.000036501683789841,1652473948
0x10d6290Bfa7D2570024c325B4E8c1DdA4b03e29a,2,0.000079563555935518,0.000277955801442257,1648227789
0x78E6C36246Ff52c3D93a683D07A69775DAaADfdD,2,23180.37,3770.686883519914,1645743612
0x7397884cC8525CCD1284235FD312BB066D13dB75,2,0.000033285226980297,0.001874576232114777,1653726330
0x1f132Df7De701143F65CA5757497316Aa6edEb9b,17,16.3282,0.6207150086504313,1667818067
0x1f132Df7De701143F65CA5757497316Aa6edEb9b,3,0,0.000045501948249598,1658748334
0x381E1C5D835393E62e619726652850eCf883da94,4,4225.44,2051.482922101218,1674769556
0xDeeAc55c110b712D3151Af5dcCF2b6f4C3cE77fE,4,3199.8259,1554.5490255212385,1674752530
0xadbEb7d64d91586204E96F2Fd7fc6d2AA0AB8EC4,18,2625.2053,98.75312094700342,1660482192
0x60358b79684d1977C6228C3AbF626689ED2DD1b8,2,11646.836631452274,400.21767375342705,1645838744
0x0567b5498f3B78212b8fb2D74De2061325ceef88,2,0.000037387359693132,0.000002734819919446,1655793175
0xA95525c8B57de6f7b325aaa66543949f7b1BAadE,2,4075.1438,656.1445166400381,1645955125
0x09A01a4cc5b0EC8d606EA3B42bBec7145173BACe,3,0,0.007305936073056,1659201356
0x04093CEA385066ce47E3af237F272fcE694796C1,1,0,0.000037408828314647,1643750069
0xB615B80bC5cF4f1CBA7a7C4b55ADCca86Df0Be90,2,0,0.000587982239978896,1646648872
0xb7179759e5Bc6348d9f4F00A6c82Fc462A52D541,2,0,0,1646668036
0x12dEe4fD5074c2fB933719CC5c85509e198eE669,1,0,70.13807515895738,1644202247
0x3F26351F350aA3889753FEC1C7A9a240EB426DEc,1,0,0.029279453039700375,1644238175
0x7765265E8f362b170D439972eADb02219c5B6f94,2,0,0.01484018264838,1646744198
0xc01a67537039C551bA18074c7C370f8a95557D1e,2,0,0.000190665932267649,1646770133
0xC942FA8A4D705a16ad2cf77d8B37D30c3c2F8bAb,1,0.000064743953893603,0.000075489026441314,1644303825
0xb377c1C9ea5a39fa0c9Fe8Cde08C7Ae58eA348cC,1,0,0.000207978183662,1644311164
0xC942FA8A4D705a16ad2cf77d8B37D30c3c2F8bAb,2,0,0,1646830440
0x4c5FdbB7Ce066252c2D2DdBDce3Fc58Bfa28F729,4,6961.201837998908,806.3894087823735,1675779201
0xC3cF01E0B2CB27B135B0Eb3b934ff458c5AF8265,2,0,0.003659059750760871,1646843101
0x6820b02F4A26169291591A72C8D57C2549e2e88C,4,3490.6069,1623.5415711509056,1675840871
0x24C7515e9406f353240ae1BeEbcA06Ca0B827b9C,18,96.8389,24.630631520262558,1645730327
0x16D6b3955E850c7f2EdD20dC1C4fd08660261446,1,0,0.00247336377472,1644422474
0x16D6b3955E850c7f2EdD20dC1C4fd08660261446,2,0,357.78526128868594,1646928263
0x16D6b3955E850c7f2EdD20dC1C4fd08660261446,17,0,0.003545464827498571,1646841057
0x824CE1ff230c27d96EB86814d427a590658c2834,1,0.000019387892085597,7.42154473471e-7,1644443478
0x0C5707411Ad8B4BcEBccA472062e723561730Cd3,1,0.000084359663991392,0.000024170989023497,1645050834
0xF87ea1e86f6010e0cAf0956298D2509C5CD6872C,2,0,0,1646974530
0xbec44a1364743014Df4E1cfC08c0bA81003efaad,2,240.64884126028096,26.86736716632802,1646981976
0xeAF6538f5Cca197b8aBfC5C051EF6E8B53AE30A3,2,0,0.000245682701674164,1646993859
0x0aa47E8155945160cEA16C80bAc22606eb57239e,2,0.000007788761908568,0.001234805768491157,1647095664
0x72EB2F200a26b35f1420DD8D5D5DBb9dCFb7e48D,2,0,0.000355146255707599,1647102838
0x24F069c4e061122436ff0067cc98889c6b24E67C,2,61,9.28386977422628,1648404962
0xb876Ba6d89dB4E7585CB311F685C2722748237eB,9,0.000050472934179422,41790.95779576644,1645126396
0x04093CEA385066ce47E3af237F272fcE694796C1,5,0,0.035285604784995234,1645487040
0xf792C47D00C2A65152eed9434e36aE9723cf7658,9,0,0,1645127212
0xadbEb7d64d91586204E96F2Fd7fc6d2AA0AB8EC4,22,192553.6863,12799.117286876046,1660260870
0x8dc1CDAa9C16A702F3300Bb8305a53EDF3150756,10,1631824.800041045,188381.00928626815,1660941835
0x04093CEA385066ce47E3af237F272fcE694796C1,6,0,0.000798081301367697,1647114715
0xA2dCcdDAe8D0Bd4D4dcd532Bc2bb8f01506c365d,10,0.19147584895078715,0.04589432382944454,1647114796
0x211692F67e94f6A23a60986728042001B3544558,10,0,0,1647115111
0x3fad424Bc50eC35Ca2FE377a7A62Abe3609AE3d4,6,0,10.178499401588658,1647115240
0x319578da92d246499Cfd2F4C055801Ad83A1F91A,10,0.000044996242484318,0.000009504325326099,1649714217
0xA85728E4Bf8df3a36635b5461b30ba8B78fbecC5,9,0,0,1645129375
0x2CDA22992A8F6c2367cbc95f226fAeEd8A58134D,9,0,0.36056894977121967,1645129864
0xDb52504e924279413df8aCE694C8Ebf6562Df56e,10,779478.5592601908,85081.44418391316,1647117070
0xc26BB7D48097E03a52C25d8C0068453B9C82c000,12,104588581.49849807,4014248.784844637,1689426832
0xc1a37F8E58B088F8186e3fa49c1aB77a22314b3d,2,0.000086539735450948,0.000278140592347384,1647118420
0x83bb6A30258fAe6e1A00a7F7257016072Ba8E073,9,0.000082667418250275,19.03629760123106,1645132183
0xE8ce4Fa2eB0a4c1654701ba058EE06A2DE6088b8,16,500000,230440.32534246575,1676063596
0x3fad424Bc50eC35Ca2FE377a7A62Abe3609AE3d4,5,0,0.000192594965752039,1644787018
0x1F8e094C875CDE2BDA6BaFCCe1303a2382D63B24,12,400454.39205656626,9412.58804148016,1689411646
0x932C6457D7178Dbd2C6D37D082C65A4E17EF0c6C,10,0,0.01064823059355234,1647120601
0xf7C061d66e577f83Ee3e50e097F4f8E6Ed1012a7,16,10403098.9476,1450691.16786823,1676066314
0xC1B6ACbe3f44795C538d186D38B6f7DDDecAC39A,10,7189504.895203044,1623311.9177930558,1650704579
0x43A96Eb377B0BACE768F577807dF90f80329337f,10,411759.39074072486,88422.83139484539,1647124384
0xC1B6ACbe3f44795C538d186D38B6f7DDDecAC39A,9,0,0,1645137256
0x33452BeCeCDcd4f4DA37795deC77416DB22d6F34,12,119000,67774.95312024353,1685280700
0x80dCe5C4b5CE162005017a288Dc124E7D4f29eF7,12,350000,202220.71156773213,1681113208
0x80dCe5C4b5CE162005017a288Dc124E7D4f29eF7,16,650000,227214.8658675799,1689880804
0xFA68d61FD4E707BA428fB0C04C3A18bD67e16D82,16,1623479.1235,290233.4339611482,1676975834
0xE9cB9842Ab79C2b09dFB9D1c1ed23415db7f0697,12,175000,101109.1704718417,1681113013
0xE9cB9842Ab79C2b09dFB9D1c1ed23415db7f0697,16,325000,113606.28091704719,1689880666
0xfaE9Bd3eA55267B58F80f9FA41E18e07e5C6EA2c,4,11957.353077960586,421.12587245326523,1676074276
0xa91c0688725f71DD0C1FC48F1f15025fEfBe750d,11,0.000001077044326334,7.80586646e-9,1660093984
0xBa86F35E366462FFD5413B7472f3dc8105061032,10,0,0,1647136672
0x7043C5f10084B34355B0429C77a9116172795F24,11,11655000,1716764.2037671232,1660099156
0xb69ED7867CAbB5bF2D72d6F479f6E69D51613F98,12,4521710.474556654,671605.5732523408,1676084574
0xb861D37e34073E686E597c3318c74b978D882b0B,12,19000,11663.7867072552,1676088225
0xbec44a1364743014Df4E1cfC08c0bA81003efaad,12,591713.1312291467,264250.5284331977,1678562432
0xc35DFaE42C8F43543DdcbE04FaE4f27D7f2F6BF8,11,200807.5,92442.2178333809,1660107393
0xe5f3c87D7879631eA33B7cbD2Fece892084fa36D,9,0.000049771681481171,0.8587274684182004,1645160409
0xE8A0Cd2c31C8642E2fB1C70fa4BC40dE01d0d909,12,3943517.9544652705,593388.4094040132,1676096649
0xd6B2d4075db515D88FCB8b12177Af16ae7e852E7,9,0,0,1645165782
0xa5c349C710B76b3aF8EBc3Fb6ea9F4B7Eb776A21,12,1838294.6469712597,515897.3868783808,1676101332
0x47865b8a690BefC99E2F211248168693603d5c9b,10,1142194.7698,303470.0626455399,1647510291
0x7B70FE6E1421E7de9aa714cCE59b05405D212Daa,22,0,0,1648291007
0xA2dCcdDAe8D0Bd4D4dcd532Bc2bb8f01506c365d,23,429029.6184,808436.447931431,1645250045
0x70083A5456BA49d6c6B808e92E1B9889Bb442b25,10,0,0,1647163944
0x899656b35bF04d709e94367424cA4EB9aA0D4B4B,12,1121786.1197563806,490777.4718309952,1676110356
0xc01a67537039C551bA18074c7C370f8a95557D1e,10,0.000006684460809537,0.42743101911172393,1649946112
0x032F186aBA34737Cff6c9D58512880afACeBd103,7,4323,1657.0184703671994,1660127835
0x96EF1Ce3107453A8B05636990Af7d23C457e7624,12,1332780.6855460026,14497.523075090543,1689358067
0x04093CEA385066ce47E3af237F272fcE694796C1,10,21693.047667461724,5728.64121265051,1647636981
0xE1a665Ba26771a2438fAbB6EA672BE55c6E3675B,22,0,0,1649806984
0x4dC8b24D9D6703d301AEE79550Ba47f70a63263e,9,0,34.53204435016361,1645186614
0xc48185aEb524C5d081F0A5E8C5c74e19549d32f7,12,535401.162,328257.8886599977,1676118870
0x4dC8b24D9D6703d301AEE79550Ba47f70a63263e,10,0,1307.583684812595,1647177879
0x4dC8b24D9D6703d301AEE79550Ba47f70a63263e,1,0,0.018104994585553008,1644845436
0x45a80c403Caaca25e26a9FE3928b85d5893266d3,9,18104186.9418,2080455.3353257903,1645196451
0x0dEc2Ff5E571159EEB52500c8C15C46966F18177,16,50000000,22982597.98325723,1676128221
0xAc966f38012A430B118B7cEA51D7623C9833a3c0,16,9778943.7,3714315.901663596,1690843751
0x285349ba94Ff41031cBCB8a971eaFC02A3700975,10,0,1.0820966514420056,1647195695
0x94C6BDFD78D7fe0A9D53F7876DF9c0C63B72f9aF,13,638664.5,24451.394729279236,1645209093
0x824CE1ff230c27d96EB86814d427a590658c2834,5,0,0,1644867217
0x475F85E9dc549B4Ad5BFbB4A64C4f2dFE5ACdEf8,12,495262,62440.96701019787,1676147750
0x475F85E9dc549B4Ad5BFbB4A64C4f2dFE5ACdEf8,8,1697.4251,187.25294408841197,1676147957
0xf403ae49233Ed490CBd5f6415337367e5b95Bb99,22,0,0.1325771003376967,1644871757
0x349D12a1d7e3b5797734692256299f9de3Ec6BE7,4,13356.410525437359,313.04519168573205,1676304138
0x3c061CF0308c47c22271AEF54AeE839eFD7958c7,9,0,0.07984214982773229,1645944919
0xA85728E4Bf8df3a36635b5461b30ba8B78fbecC5,1,0,0.000333796094934577,1644879048
0x575236F9c00A4F4cEea35D3520309ec75f64307b,10,60000000,16068193.017503805,1647213711
0xaC8B1Ce8c14c95f0bC6bb6C06B288D8443B17f49,3,4753.0446,1454.302753518889,1660180647
0xB9E55781bC692Fd0d5618a104b0c8489BAd21b2D,10,3513542.5816865773,213186.34642832782,1660007780
0x693C8f6A89a28a87553EBb644b36805cc330aC82,5,0,0,1644909444
0x4dC8b24D9D6703d301AEE79550Ba47f70a63263e,8,200,22.026799847792997,1676195439
0xE3e0436F280C544de918464F243A7E5fC6777DB6,10,0,0,1647257067
0x4dC8b24D9D6703d301AEE79550Ba47f70a63263e,4,130.5714,59.45673706028919,1676843675
0x1529cD51C180566d0407CAc4997Ff9fa0ABCbE0D,3,0,0,1660221792
0x61E936fa0E89cB0d02B934140Ec1b1C9C5438115,10,0,0.06659056316586189,1647263557
0x723CbcB80c05c0939E5790B8B10EcB4BA77E797A,9,0.000055561775439673,0.7176806737842079,1645281071
0xbB154d62dbcc2C2342E4231B7D20ad58Fe94d152,16,2500000,1144661.3869863013,1676222206
0x7Cf3AF3B2A077c7E142a468E8d0c36B4D4a8CF7c,2,0,0.000349317073819881,1647282954
0x704784C986C5bDaC99dba766a0E7C7147B085106,10,0.000003896988220879,0.645168494192892,1660046648
0x4c5FdbB7Ce066252c2D2DdBDce3Fc58Bfa28F729,12,2068797.4683696502,319529.7551642232,1694199135
0xeE93e5e3D3322d0Cd8623b0Da5ba9227Df7F8AE4,8,150,80.06495053272451,1676240649
0x756bbCD5352c086FeCCE5947e70fB0e7a5972931,6,0,0.000872908889839037,1647300204
0xC2763d05e132e296CC139b700FC6A1c3166ca3B3,2,0,0.000863633506467527,1653688719
0xb9E44aa667053DB9193141F37611F7e645aA8e95,8,1166.8285,131.2996820555857,1676253264
0x7e2A56a66babC0184BDDDd1862d742613275F363,10,0.000066330078649181,0.20933209129364128,1653618869
0x96f17299F74104f681F311c473bA32C6b4CEAD4f,15,100000,30466.527143581938,1660283784
0x96f17299F74104f681F311c473bA32C6b4CEAD4f,10,386100.7544,102925.9830999301,1647324309
0x8B492D4352bFbcE89bE60f8fbD104F58931aDBd5,13,0,0,1645360222
0x1E22FC22BFf8DDE1Bc0Cd64c707D04B500e285b9,7,0,0,1660309882
0x1E22FC22BFf8DDE1Bc0Cd64c707D04B500e285b9,6,0,0,1647349945
0x46025a74454D980589Ed1EB444af3156EeACA892,1,78748.8584,2994.4539325685705,1645027431
0xE020E1b5dbd8e610Dba25F8eeAa08687ad9f044B,23,1972.4046,3749.867408190687,1645028727
0x0896EC2A4Eb4bCeFD926F2844cBe358F846e4307,5,0,0.000215365361491342,1645035549
0xC3cF01E0B2CB27B135B0Eb3b934ff458c5AF8265,10,0,0,1647372036
0x5D06062765704Eb0fc9477DAF773D65f9CDf395a,10,0,0.026170091324131322,1647372057
0x6c570028e490A840DB1b714c00C2104E13D54904,12,100000,60780.02536783359,1676328108
0x6c570028e490A840DB1b714c00C2104E13D54904,11,100000,45582.91571537291,1660345230
0x6c570028e490A840DB1b714c00C2104E13D54904,9,50000,5697.8362823439875,1645398138
0x6c570028e490A840DB1b714c00C2104E13D54904,10,50000,13294.886399670218,1647385458
0xD28923CA08D6C06a3EC347264c55E0623DB355ea,11,4035441.5,1496388.312328434,1660347963
0x38Fa084B3daFfd932Ef1347d75AcB1C593F9Efa0,10,769049.6287971807,44222.29725221711,1662602529
0x1996AedE200C9F1902d18C966476d71115DAF462,12,10023334,5083064.031917671,1690518219
0x199e6e801AcB9bB3E21cccB3fD963b78Da97Ee39,7,615.0437,198.03674805812562,1660366710
0xa1a108Cad30787d4F241d4Ed23268DC170822De7,11,170554.88280060882,66405.63772213853,1660372065
0x3FfdCcb5A806E68cEFea7947029AcbD94808C9fF,14,0,0,1647418830
0x964d495B802793Ade6058F6720cA13715ed7217D,20,0,410.85227740123986,1645609695
0x964d495B802793Ade6058F6720cA13715ed7217D,8,47161.1207,6384.485766156429,1676886603
0xAEAdfCc409CFA02fC51da86fa70a91dC958c1C1F,20,36993.1424,2777.297936618975,1664562313
0x24F069c4e061122436ff0067cc98889c6b24E67C,20,0.3537,0.6700118934075342,1645115432
0x228C2CDb1107780658803a52Af9C8B6Dbf6f0173,3,43.74831968436961,12.635643391540997,1660409015
0xF6C88d602803209DFD7665dC95995Da10AA8A983,9,0.000060386166728798,0.000002960582904186,1656491974
0xAdcdFEE33ebAE2F2A9076da4F097548af6330668,3,11675.560085813466,331.38983285067906,1671185054
0xadbEb7d64d91586204E96F2Fd7fc6d2AA0AB8EC4,8,20000,1095.0578386605785,1676407864
0x36979f45fB6f9Fa5526148680276Cc40583f3bF1,11,0,0,1665185642
0x80415DBecD6135e774fCaaec89291207A41296D1,10,0.00007280618520673,0.000011399957434074,1650093006
0xb9E44aa667053DB9193141F37611F7e645aA8e95,4,1271.4687533668707,122.63930572691038,1676437694
0x3DEb0BA2Fc78535e6C9667656A3F5f6701A24476,10,0.000042928713784084,0.9260760513786906,1654669669
0x512BfEba4cBe1e4D44224751a0121e1b7fdbf8D5,8,401.038,100.39862468060629,1680096534
0xe00858386215C825E68912E37DB9Ee279f0be665,17,0,0,1645193454
0xe00858386215C825E68912E37DB9Ee279f0be665,18,0,0.002517526588660537,1645193855
0x96f17299F74104f681F311c473bA32C6b4CEAD4f,11,317045.5516,143556.68758686093,1660504723
0xbC3ac09e2625A9Bd02E3d47B0c32E24F03e707cF,10,0,0.23673940077419922,1647546274
0xc26BB7D48097E03a52C25d8C0068453B9C82c000,16,656884.8462,289925.9288557611,1677650449
0xb0D6573D9Fa439a74F2B00ce20E15d7a7e172696,6,0,0,1647889956
0xa6f6fe428C25a8441f836294C89Bc6100c7A3262,18,0,0.002828719891552436,1645385351
0x3B12FaE28d862545B8360664E2C006EdE82Ec77E,3,1790.1265,538.4929386621004,1660587562
0xaC2ceA36317dbA37aBC1683783300111Db451372,19,0,0.001065597317351586,1645303194
0xbE0372C50553012FDa8f57390BA92897c22c5e93,1,0,0,1645304280
0xaC2ceA36317dbA37aBC1683783300111Db451372,17,0,0,1645306596
0xb0D6573D9Fa439a74F2B00ce20E15d7a7e172696,2,0,0,1647799143
0xD7A3930D61E0D2e86B39B7e158a97EcB92Cf313B,2,0,0,1654389889
0x1f132Df7De701143F65CA5757497316Aa6edEb9b,21,593.3158,56.24845342160547,1667817965
0xE54a125d4728b288e8dd6e101bFd792fA1919B4e,6,0,0,1647692378
0x964d495B802793Ade6058F6720cA13715ed7217D,23,36133.8226,67723.52998615244,1645368415
0x93A5CDFE67C9cbd7Cc07e8EAa66DD797a4083dA2,10,0.00000192795407737,2.49829462591e-7,1647707923
0xA85728E4Bf8df3a36635b5461b30ba8B78fbecC5,13,0,0.06146370352954996,1649109175
0xd1263A7379D64cac9A6116Df3582E0EC4D7e1809,1,0,0.015104293505834575,1645402446
0x95eeF6178da329220CB6fDbAEE6c04d1D7DF53BD,1,227.5,8.507754796106036,1645423998
0xA2dCcdDAe8D0Bd4D4dcd532Bc2bb8f01506c365d,25,0,0,1650182204
0xE020E1b5dbd8e610Dba25F8eeAa08687ad9f044B,25,1972.4046,3749.87866620781,1645028727
0x964d495B802793Ade6058F6720cA13715ed7217D,25,0,42826.22649356081,1648685091
0x964d495B802793Ade6058F6720cA13715ed7217D,22,0,3192.767137209023,1646077416
0xD18647d63B8BF738D8CEAB93e159d62BD397fE0F,7,0,0,1661798525
0xf792C47D00C2A65152eed9434e36aE9723cf7658,11,281567,126007.28597621765,1660781945
0x3fEA5Dab10f83B01D824e40b0E7cEf1E8c6A9CFB,22,0,0,1647299051
0x1A29274B7359e28222bd55270b03175A99d46152,11,20000,8934.23592085236,1660824506
0x4A03B9a6FFF87ec72Dd43B7990CDF6e301446F25,10,0.000036068404130811,0.26226597221779574,1647869647
0xAdcdFEE33ebAE2F2A9076da4F097548af6330668,6,0,0.000497314625187992,1647896605
0x4dC8b24D9D6703d301AEE79550Ba47f70a63263e,16,498507.1473,95838.3278585618,1695326044
0xb9E44aa667053DB9193141F37611F7e645aA8e95,12,1874653.0831553715,241081.56062244214,1695218420
0xA29A19D9F3DB5D10b13593A6149244D8CCda1D58,20,0,0,1661019902
0x3c061CF0308c47c22271AEF54AeE839eFD7958c7,10,0.00007181635955917,0.000015528219527319,1649263375
0x48Ae00B6262aC802f3840ddDcf3D4643668d819e,8,22585.5982,851.3803672161986,1676881269
0x2Fe11B3268c3804c9e0bf0bE9F5DB50655459c24,17,0,1.216632309560502,1650706081
0xf403ae49233Ed490CBd5f6415337367e5b95Bb99,18,0,0.001239561757990762,1645610820
0x756bbCD5352c086FeCCE5947e70fB0e7a5972931,26,0,0,1645611180
0x53C027C67186105A615dBAf24161254a2B3d02F4,6,0,0,1647967745
0x06C4Ad971E7f37801De4d6f57347FF1F72d7C1ED,4,500,222.2587423896499,1676923854
0x79944EE8BD8094ea89B126077B993B9219AFE6a9,4,10265.57727967761,145.9606496157388,1676952385
0xd1263A7379D64cac9A6116Df3582E0EC4D7e1809,3,245.09543574671233,22.35295865924947,1660979260
0xB6984366A9F2530E7BAAB6160206d2763e728Ea3,2,1579.4696,206.7496020322609,1650703937
0xA85728E4Bf8df3a36635b5461b30ba8B78fbecC5,2,0,0.002673936796041387,1648054709
0x6680Dcb83251f4995201E39f061F1D6B47289D4d,1,0,0,1645754629
0xb2dFB8dA4143EEa23749f463244d54b7dD2BD205,18,0,0.007368591552510792,1645776971
0x04093CEA385066ce47E3af237F272fcE694796C1,26,0,0,1645810570
0x8FeF823142EC7edca3ea5d450197144DD5B453c7,2,0,0.0180745814307,1648171222
0x9461f8480D23D72CF8807dF70560368494942b5C,12,500000,293346.7021816337,1677160248
0x9461f8480D23D72CF8807dF70560368494942b5C,4,500,220.006601978691,1677160611
0xB5442904Dd75Fa8aAd8CFCB8aC65074Edf67707c,26,0,0,1645892907
0xaB08366517F7e724Eb5D2AB005A8374e1d615C60,10,1500000,372165.4014459665,1648229541
0x740974be1eEe33dCFd12a05795E1bE4Cb0D03133,26,0,0,1645898757
0xad852CD15846737011D2B7908D08503C8a686f18,4,2965.568102236941,102.31430000578912,1677176277
0x04093CEA385066ce47E3af237F272fcE694796C1,20,43181.8503,2538.7685503622524,1652137276
0x109910D0B5b401A3726A36560243ab49Ba4b32e7,8,382.8604,92.35118406939498,1677179418
0xf403ae49233Ed490CBd5f6415337367e5b95Bb99,26,0,0.2027207668568479,1646168456
0x3CDF7A4c9FD6011F1680A93105700Fcde1167598,10,0.000036092642784046,4932.309109961799,1648254847
0xd3A5a7F2e79FfF4b4E401b8E3D38C2A4EB7F7791,1,0.00008994031709723,0.00062354815376815,1645924885
0xb2dFB8dA4143EEa23749f463244d54b7dD2BD205,26,0,0.6611260352546938,1645955183
0x19BA26834B8263ba087443e1bdF903b2e228E35b,3,0,0,1661267179
0x7E43a0CBA965Ea4a969dCC56De2ee785C5daE4F5,4,369.81238061826673,63.15171196229639,1680633992
0x19BA26834B8263ba087443e1bdF903b2e228E35b,4,21440.0151,9385.914847854041,1677278236
0x6680Dcb83251f4995201E39f061F1D6B47289D4d,2,0.000058021820831791,0.000006371441718144,1651248418
0x96EF1Ce3107453A8B05636990Af7d23C457e7624,5,0,0,1646028952
0x1d4ab59eD47011aB36Ee92340B323013418644Cc,18,0,0.02989011635273312,1646038741
0xb69ED7867CAbB5bF2D72d6F479f6E69D51613F98,25,0,0,1649827147
0xED64CF094Bb61eB9c2D5fcf3e0b84b951b451a68,4,252902.7199747144,6685.206248865849,1680875181
0x996b38318050ce809c0F94d9d7bC5ec8cF52bfd0,3,1000.0200152207002,290.31697248875435,1661414022
0x996b38318050ce809c0F94d9d7bC5ec8cF52bfd0,2,0,104.07475900558092,1652480314
0x996b38318050ce809c0F94d9d7bC5ec8cF52bfd0,1,0,0.687782217148655,1646123685
0x0896EC2A4Eb4bCeFD926F2844cBe358F846e4307,10,0,0.05366977906952359,1648464324
0xA85728E4Bf8df3a36635b5461b30ba8B78fbecC5,10,0.000031280321599019,0.000002349659852257,1648464453
0x0896EC2A4Eb4bCeFD926F2844cBe358F846e4307,2,0,0.000226700380517399,1648465014
0x04093CEA385066ce47E3af237F272fcE694796C1,25,1628332.973,95736.8499035458,1648761602
0xB5442904Dd75Fa8aAd8CFCB8aC65074Edf67707c,25,0,0,1646767909
0x740974be1eEe33dCFd12a05795E1bE4Cb0D03133,25,1082939.5209,63672.83294180556,1649951034
0x0567b5498f3B78212b8fb2D74De2061325ceef88,7,0,0,1661499760
0x740974be1eEe33dCFd12a05795E1bE4Cb0D03133,20,28763.7872,1691.2315176260781,1652202061
0x46F18BeBB056Fb04C2dd42DCD07BA31c1816e269,2,3873.1623244553516,82.5904212627512,1666950768
0x512BfEba4cBe1e4D44224751a0121e1b7fdbf8D5,12,246458.7167,83553.64365927361,1689009342
0x4fa33Ac3f72366B625Ceac6489453CCD4EEA9376,8,5040.9072,2284.5402140089955,1677598138
0xb2dFB8dA4143EEa23749f463244d54b7dD2BD205,20,2766.3798,444.392738825723,1646321872
0xb2dFB8dA4143EEa23749f463244d54b7dD2BD205,25,1488651.8016,239142.42847489193,1656507690
0x83bb6A30258fAe6e1A00a7F7257016072Ba8E073,10,0.000002008571287954,31.026856623956412,1648655209
0x46F18BeBB056Fb04C2dd42DCD07BA31c1816e269,1,0,0,1646323653
0xa33d4B8Bb5f77ab323B1BbdDE38764E803aD764c,9,500000,53774.5980783866,1646745410
0x7414B5965A6624f19aC9e3805b21E6A3946bf33b,7,360,117.81045947488585,1669434201
0x0C5707411Ad8B4BcEBccA472062e723561730Cd3,2,0.000002001362947807,5.3964261607e-8,1655648801
0xD18647d63B8BF738D8CEAB93e159d62BD397fE0F,11,84742.84394792168,1506.6813309590073,1677365658
0xC2B0Bae7Ac267c4806B83A44FEB259B917a1409c,1,0.000096476036117719,0.00009390186666557,1646584212
0xD39ba7b5f1DeCD6Ed4243675742dC4F54f1F5c94,2,0,0.000210663268644505,1648929558
0x96EF1Ce3107453A8B05636990Af7d23C457e7624,16,1307.3515,556.4281997350456,1677917443
0xaB08366517F7e724Eb5D2AB005A8374e1d615C60,13,0,2.2826019906850408,1647001643
0x7E43a0CBA965Ea4a969dCC56De2ee785C5daE4F5,2,0,0.00001712328767115,1649016226
0xe86eD5c7FE796d9aef6D5b00dE03b473474Fd621,20,55.1084,97.39365146280441,1646717404
0x1D97c4fca68C5922e0167a46e3216B56De1931d0,14,0,9754.84589471153,1649099794
0x8e46CDCA5fEC04E0c1722fC2CED91957A92F601d,6,0,0,1649107423
0xf72CFbEF2813E2893A961d8b2727aD7F46326BA1,1,0,0.001666799338828168,1646779458
0xBD3944074b9CB153a3e380Bc75c706FECD2229C5,10,0,0.19977168949758564,1649151849
0x33d27f5F998BE73b5eaC7a9d9281512dfCC5492b,25,0,4.09979732829857,1647155346
0xCBbA1A46c9cd43B17c258AC8E511Cc5d793791cd,16,2000000,704904.699391172,1688844078
0xA85728E4Bf8df3a36635b5461b30ba8B78fbecC5,16,0.3367,0.14205081526445967,1678113162
0xf403ae49233Ed490CBd5f6415337367e5b95Bb99,25,0,14511.468786928446,1647205249
0x6111d2755b7F6Ea79A906B719a45BD8427671437,1,0,0,1646879278
0x6111d2755b7F6Ea79A906B719a45BD8427671437,2,1088.037740994419,6.263897033585278,1649212279
0x6111d2755b7F6Ea79A906B719a45BD8427671437,3,1009.7621892440386,11.624944838500147,1662172375
0x6111d2755b7F6Ea79A906B719a45BD8427671437,4,1014.6415715372907,17.521215201828483,1678156483
0x6111d2755b7F6Ea79A906B719a45BD8427671437,8,2000,40.297412480974124,1678852288
0xac614A394007c9d70e9117A269F4628a96A7E93a,3,0,0,1662208601
0xbce1940EBb32494D3d505a67bA6A511eDf9fe218,1,0,0.15867573043664351,1646936134
0x1D97c4fca68C5922e0167a46e3216B56De1931d0,1,0,0.12336600439814807,1648739041
0x1f132Df7De701143F65CA5757497316Aa6edEb9b,25,0,0,1650262149
0x72b4245A0b5ae6377C17CF6D48A59b8Ffd2f6B02,25,39602.5702,40131.19782976013,1655930868
0x178Fc431Db63C5295C5792edF597Cb6c5B2d4b53,1,0,3.191764040591704,1647028632
0xA29A19D9F3DB5D10b13593A6149244D8CCda1D58,22,0,0,1655295819
0xC3cF01E0B2CB27B135B0Eb3b934ff458c5AF8265,7,0,0,1662400312
0x756bbCD5352c086FeCCE5947e70fB0e7a5972931,14,0,0.003413133515965215,1649458898
0xc4016449AcF7f8232Cb715ff7493808Eb828cFBe,25,0,23.615271464548158,1647168989
0xEcA07f26c7D5097CDeCE34B71E68E850BCdF20a6,7,0,1634.0949756404743,1662466913
0x53C027C67186105A615dBAf24161254a2B3d02F4,14,0,0,1664388570
0x1E22FC22BFf8DDE1Bc0Cd64c707D04B500e285b9,11,0,0,1663083986
0xb776CC51A322ccCF4C55Cb4f8B66Ec9C1F4496a9,9,0,0,1647543523
0x02DAC86bCf7536b8aad87BabFb49bb9b5693290C,12,50403.91459524194,15397.867831303849,1678477630
0xc01a67537039C551bA18074c7C370f8a95557D1e,11,419905.1,141088.26539217847,1662497476
0xB615B80bC5cF4f1CBA7a7C4b55ADCca86Df0Be90,3,2195.7651,607.0179250517124,1662508537
0xb632b1032e136161A3731A1a9C344C35E93fA99F,4,101.66704952468037,29.900900176983562,1678525639
0x288AB0FF4893e9b3302beF4F9203bcD8BA3Bf844,12,768738.5101752551,186360.60062333388,1690731520
0xDb52504e924279413df8aCE694C8Ebf6562Df56e,11,458944.0219666667,85878.81736586403,1669083091
0x25f25a2a1Fa5945Ab82ABe3E447c033E311e61B3,25,2.9338,6.04196588625684,1647445672
0x1D97c4fca68C5922e0167a46e3216B56De1931d0,13,0,463.86362569761536,1647643157
0x932C6457D7178Dbd2C6D37D082C65A4E17EF0c6C,12,49122.3555,26953.2545282,1678658214
0x3fad424Bc50eC35Ca2FE377a7A62Abe3609AE3d4,25,0,0,1652872463
0x4eC1d30ECf9CE9963f948409130ce01762B6d5FB,15,350000,92738.42085235921,1666258045
0x211692F67e94f6A23a60986728042001B3544558,11,0.000089933057633581,0.355223662507218,1667966422
0x0567b5498f3B78212b8fb2D74De2061325ceef88,10,0.000064439511731155,0.000007336354530519,1658440571
0x3c0bAA4472678B709D40769a089e09C887540b5B,4,786.4656,28.293833156621005,1678882609
0x285349ba94Ff41031cBCB8a971eaFC02A3700975,11,6427600.1077,1391991.2117562848,1671450184
0xa1a108Cad30787d4F241d4Ed23268DC170822De7,10,160380.64408929477,22936.100561359606,1660375440
0xBD3944074b9CB153a3e380Bc75c706FECD2229C5,21,0,0,1649928281
0x0eCfC972F9Db84C62bFBEa8237fdE2D6c7926ba3,6,0,0.03384716354711315,1656422297
0x4F353148776C95Ac75C16a35e7B9230d712524b2,25,0,0,1648811445
0x6111d2755b7F6Ea79A906B719a45BD8427671437,5,0,0,1647633004
0xC3cF01E0B2CB27B135B0Eb3b934ff458c5AF8265,15,0,0,1662926152
0x2c753Cd7B95Bf05EAEFF5a7A44d2c8eeb1E12e26,9,0.000072559931363366,0.02375838610899925,1648029833
0xAc966f38012A430B118B7cEA51D7623C9833a3c0,12,1086549.3,586893.1821223744,1678995357
0xB5442904Dd75Fa8aAd8CFCB8aC65074Edf67707c,20,0,0,1647782564
0x1E22FC22BFf8DDE1Bc0Cd64c707D04B500e285b9,3,3519.4553,366.0516532631684,1671187415
0x768BE6478E6AA91475bFECa4a0F94F40a6eBa8Be,1,0,0.00076103500761,1647820228
0x768BE6478E6AA91475bFECa4a0F94F40a6eBa8Be,2,0,0,1650153163
0x768BE6478E6AA91475bFECa4a0F94F40a6eBa8Be,6,0,0,1650153322
0xd1222845BcEA727c38808D685426ec1EcAaF48B2,2,0,34.45812404870624,1650224980
0xd1222845BcEA727c38808D685426ec1EcAaF48B2,17,0,0,1648481356
0x24102a6F2081f8033211bDa014694b1BBf575a24,25,69.1531,113.1827390867025,1648041861
0x92a58d6E9E080CFa08b8fE377CCa5D5faF1dE7fd,2,0,0.000583375587898064,1650289771
0x771471a91fa8CC2391B17f055226C2cfBdD1f23E,10,0,0,1650316086
0x441419abA469156C48E3Bc7d350A0CB7c076a65d,11,188715.37589795774,40837.96024281403,1672929945
0x577E3d6a28D68A8f8B540B1B5D7Bf7cd587a7d1d,11,159000,63493.697488584476,1663314992
0xD85B45999376Cd04414a5D0B7023680fbf055779,12,1000000,403445.4236428209,1691999180
0xa5c349C710B76b3aF8EBc3Fb6ea9F4B7Eb776A21,16,1336860,281368.6495027397,1689226069
0x0ebf1190619d17118419723d302044e3ca28259D,2,1075.3676,142.85157146242264,1650397682
0xbC3ac09e2625A9Bd02E3d47B0c32E24F03e707cF,11,901122.9067,357627.06724511884,1663444463
0x2C926947ccf009Cd79F3ec585a7971B1B470d9B3,14,0,0,1650531025
0xdfdC573824de16966460725a3BC30A9C8b3EC5b2,14,0,0,1650531323
0x61E936fa0E89cB0d02B934140Ec1b1C9C5438115,12,233229.4920830379,67222.28932060383,1688926010
0xC2763d05e132e296CC139b700FC6A1c3166ca3B3,6,0,0.003587400719171838,1650626082
0x937D9B0adE48526b9e32a403cAEBD8eF8624628C,6,0,0.006604011824572954,1650638440
0x6527EC247AD616e41aaa3F879c261248a80a7215,8,26590.0156,12182.43107550713,1679647187
0x7aC9C9135de57041095103d2aA8B5Be31B9aa415,11,314275,95492.89643892694,1675332019
0x768BE6478E6AA91475bFECa4a0F94F40a6eBa8Be,11,198439.8967,71657.8397195314,1665739161
0x20f8279294C155812689334894Cb353515Cd08Df,2,0,0.015413190479444965,1650830859
0x0a2d3Dd46E44AcEC0DA085268502880bB384bCC0,20,485.7346,36.380806861998984,1648570542
0x0a2d3Dd46E44AcEC0DA085268502880bB384bCC0,4,2172.964700337677,60.396925439046974,1679847459
0x0a2d3Dd46E44AcEC0DA085268502880bB384bCC0,19,8.7599,0.6561015379486935,1663506295
0x4fa33Ac3f72366B625Ceac6489453CCD4EEA9376,12,305102.3277,158024.19807086507,1679870743
0xFA68d61FD4E707BA428fB0C04C3A18bD67e16D82,25,0,0.16629433366622215,1649831728
0xC1B6ACbe3f44795C538d186D38B6f7DDDecAC39A,12,23516.4437,12136.753671558983,1679943353
0x8B492D4352bFbcE89bE60f8fbD104F58931aDBd5,14,1000000,86525.3963723998,1661253543
0x10d6290Bfa7D2570024c325B4E8c1DdA4b03e29a,3,650.922,167.74307000570775,1663986754
0x3744d4414bEC88EF083205E9448Db17c49312D9a,4,305.6188,118.06838642328006,1679982602
0x0DbA032386E92bc6334ba175682319a7960D7461,2,3080.7467,396.0532189282414,1651072929
0xf7367788484cC168B088CfFc22E464Cb1D63535A,2,1474.1262459848274,129.9692928432371,1651085697
0x7414B5965A6624f19aC9e3805b21E6A3946bf33b,2,0.00003102486047626,2.5639230880914714,1651460049
0xAdcdFEE33ebAE2F2A9076da4F097548af6330668,12,4068900.2628245805,231006.5998530357,1680453582
0xc8D938662Dc85d3c4a5F43031F6E570bee457933,4,2945.3839,978.8866831556545,1682819555
0x33d27f5F998BE73b5eaC7a9d9281512dfCC5492b,19,0,0,1648897335
0xbB5c9eddCd287Af5EEF295FbF912b06A5Ed7E2dc,15,2000000,422306.95078640286,1664210283
0xbB5c9eddCd287Af5EEF295FbF912b06A5Ed7E2dc,8,1000,369.5199137493658,1680194574
0xc4016449AcF7f8232Cb715ff7493808Eb828cFBe,19,0,0,1648967525
0x65c3b6041D1c4e6b006a630Cc65BE8dFD8e6f7c8,8,2854.2437,1266.238696663365,1680301565
0x823617e9F7CDee16067CdC30499CCff6E07471a9,2,0,0.00042694063926921,1651405584
0x5f6374D99f3D63aC030FC19DBbBA1b710638A799,22,0,0,1653236591
0x1E19CF2Fe4837CA119c867D273BDd3C5001B9D71,10,23587238.283329684,442716.06759258406,1660582773
0xadbEb7d64d91586204E96F2Fd7fc6d2AA0AB8EC4,4,10000,670.1603881278539,1680469932
0x75e0Fb1EF4c6ebaB8B2BDf03Bb86Ce06b5c7CD6D,1,0,0,1649229456
0xA2dCcdDAe8D0Bd4D4dcd532Bc2bb8f01506c365d,19,0,0,1650714118
0x8B492D4352bFbcE89bE60f8fbD104F58931aDBd5,4,13.0047,3.9430889277207,1686249896
0x30673C84211A21BBa332Abaf1271f2b5BD6398ee,7,0,0,1664622862
0x4A03B9a6FFF87ec72Dd43B7990CDF6e301446F25,15,398989.2689,99585.74782623159,1664625838
0x2434e9E52fd45Dc3654e17B5A3FF45a302d8eCeB,8,9175.0818,4000.369501114477,1680645326
0x554745A28366ea9782A69d661B75789E68475171,11,800000,182753.7290715373,1667888372
0x7B70FE6E1421E7de9aa714cCE59b05405D212Daa,20,0,0,1650639128
0x4F353148776C95Ac75C16a35e7B9230d712524b2,19,0,0,1649577839
0xA517518318E096b2276CfFEd406ADc5b8D4b079E,7,0,0.010970038903155207,1664884548
0x15D60b4870802bb802C821A130E6E0015445BaAF,17,0,0,1649646785
0x1f132Df7De701143F65CA5757497316Aa6edEb9b,26,108906.6218,4146.287407346734,1663053174
0x3ccd5477C6a469c054EEF28F4D22a9020C2CbE95,22,1130.5032,1733.760872191781,1649665450
0x80dCe5C4b5CE162005017a288Dc124E7D4f29eF7,4,4105.680365296804,1293.6616071655442,1683726668
0x12a6E5C8D676Ed53f0a6396a69C27498C4c2cac5,21,833.5423,111.88810678836091,1649720991
0xC4D52de0Efbd7f240Aa5493F8771af9cbC8F841D,2,0,9.907159982919204,1652072491
0x68F3b49cd01815ed8C6e349fAf3f401bD48AC214,12,600000,274308.40690005076,1684658350
0xC1B6ACbe3f44795C538d186D38B6f7DDDecAC39A,11,2059028,751948.5638410959,1665109240
0x25f25a2a1Fa5945Ab82ABe3E447c033E311e61B3,19,0,0.000276648164003032,1649842046
0x1E22FC22BFf8DDE1Bc0Cd64c707D04B500e285b9,10,0,0,1652187262
0xFFfcdb2a2f213E4B611Aac96C731ae807F5d877E,16,456187.2189,166160.7178074771,1681143590
0x756bbCD5352c086FeCCE5947e70fB0e7a5972931,11,36329.6646,13223.839628760856,1665172328
0xfC0cDc8b994A0c5b48F4a8277A7b0942bc6f3954,11,44671.8841,16244.581335149835,1665190909
0x25f25a2a1Fa5945Ab82ABe3E447c033E311e61B3,17,10.3237,6.192261063521055,1650095526
0x2c753Cd7B95Bf05EAEFF5a7A44d2c8eeb1E12e26,10,241783.2519,30466.012796832885,1665299737
0x721cca994b9200303476D4bAeF37C0b2274e5dc2,8,10334.69,2829.932176963756,1681493774
0xC90ABa8217000B6Cf7276e13322CbbFf36c7a0F7,2,4135.8986,490.3284840753767,1652650312
0xb479D4CbcE07271F4aC38BD88636ebC0601e32Fc,2,1700,200.84099505327245,1652715358
0x109910D0B5b401A3726A36560243ab49Ba4b32e7,16,168139.7359,59548.235787709804,1681673343
0x53159CE2D1005fC9342495C6842187844BD887f3,2,0,0.004759195549840793,1652807164
0x80415DBecD6135e774fCaaec89291207A41296D1,15,0,0.4870624048704,1665867753
0xD558516693F78021F326f8c73b449a66C2C5e828,3,128603.5901771306,1544.1059320878064,1683357426
0xA29A19D9F3DB5D10b13593A6149244D8CCda1D58,12,3117671.333761948,116183.00389163653,1683048834
0x72b4245A0b5ae6377C17CF6D48A59b8Ffd2f6B02,19,8.5171,8.745091592386478,1656059345
0x46F18BeBB056Fb04C2dd42DCD07BA31c1816e269,3,0,1.9703749098401826,1665914580
0x888016cB17ED6efaE6b63a9c9C46BfA0230f079A,1,0.000075098114014304,0.000548610200900297,1652036795
0xA0d57297EdED9B8ED1dEa3192A1711c46D2b068D,2,6144.4186,714.8532644893163,1652999174
0x6b15F505895D4D6fdc68dE56Aa365679045E76A8,2,0,0,1653046075
0x964d495B802793Ade6058F6720cA13715ed7217D,26,0,2.9714717958868055,1658490891
0xbB154d62dbcc2C2342E4231B7D20ad58Fe94d152,15,1000000,230990.04312531708,1666092711
0x1E22FC22BFf8DDE1Bc0Cd64c707D04B500e285b9,14,0,0,1653191379
0x1cE8AF0A332Ec88A07C56783AF64DcAADEd26cBb,5,0,0,1650939902
0xd09cc2Fe0ED1b70C5F034e8C74364D8aFfc6aFb8,4,9300,3192.2779052511414,1682246450
0x109910D0B5b401A3726A36560243ab49Ba4b32e7,4,973.9163,151.33753204072488,1683701227
0x1a1dea4fD429d18a53e32C8f3dE28e21f930A58C,1,0.000024021719301229,0.000332433114564214,1651434436
0x1a1dea4fD429d18a53e32C8f3dE28e21f930A58C,5,0,0,1651084250
0x72b4245A0b5ae6377C17CF6D48A59b8Ffd2f6B02,20,24.0568,24.380034643645356,1655929737
0x8e46CDCA5fEC04E0c1722fC2CED91957A92F601d,10,1459852.2574612147,48570.69325946985,1653665539
0x1E19CF2Fe4837CA119c867D273BDd3C5001B9D71,9,0,0,1651771418
0x83bb6A30258fAe6e1A00a7F7257016072Ba8E073,11,35178695.471817285,3299939.670511322,1672990082
0xaE4311DdF750b6d36C0A828c13f1Ac0b66E0a50b,11,49374.60715130137,13265.304545550509,1667723923
0x4216AF5CF0893264cf073314323E231c2Efff0F4,3,0,0.007849137861490416,1666864896
0x0eCfC972F9Db84C62bFBEa8237fdE2D6c7926ba3,10,0,0,1656298689
0xE54a125d4728b288e8dd6e101bFd792fA1919B4e,15,907622.0375,198675.03337243374,1667046203
0x02DAC86bCf7536b8aad87BabFb49bb9b5693290C,16,89874.4,20591.64770934551,1685650074
0xDa600D5e52A0C6260104EFCe05fF4a09c60e77E5,4,100,32.57138698630137,1683168463
0x7Bb73211C8912358aF3a01fF46110c3Cfa72A825,3,0,0.00074409229832538,1667235186
0x7dF7AE2e50fD971A4eA68f54E3457C1feC9F4001,4,393.2071,127.58187886018264,1683234115
0x7414B5965A6624f19aC9e3805b21E6A3946bf33b,6,0,0,1654310332
0x2E7481d7cC97E2F01Df14005567A0E3880B83da6,4,125000,40360.224029680365,1683317323
0x3c5061CE1d85d91453373d90aADF34F234651729,4,75000,24215.25399543379,1683317946
0x3aDbEa5326C422f041C3D984521bf35ED2963C1b,4,620.636,197.2823068713851,1683580686
0x7a1547B4C8dC6E5703C580B54f4e0c5E809BaB9c,3,108.4365,22.91150874857306,1667645924
0x4b77A881470d69F83Fa59eC41dC7757AA3c53B30,16,46512,14721.8232,1683651883
0x36979f45fB6f9Fa5526148680276Cc40583f3bF1,12,676962.8083,102826.72266190639,1697823957
0x2da3F03389E2fB33db7D116520753F1cCE77b6f8,16,406270.8,128545.10143479452,1683657886
0x109910D0B5b401A3726A36560243ab49Ba4b32e7,12,182105.6622,76629.2172621775,1683700249
0xb377c1C9ea5a39fa0c9Fe8Cde08C7Ae58eA348cC,2,19567.2137,2053.199348782009,1654798549
0xaD11c5BD64C4dAB94aE57999af7d6427f5480AE6,3,2613.3397,538.2997487572869,1668064420
0xaD11c5BD64C4dAB94aE57999af7d6427f5480AE6,15,3853921.4458,793833.4670671812,1668064489
0xaD11c5BD64C4dAB94aE57999af7d6427f5480AE6,16,4000000,1235876.4840182648,1684048591
0x74D72dBEC522D1beEb63d1Ed4d88eedBaBabec04,8,63979.5813,6000.811817505162,1684260584
0x74D72dBEC522D1beEb63d1Ed4d88eedBaBabec04,12,752731.2462,80685.22790888822,1684261370
0xd4d43CE49c5BB51c44F1aC8845DC7fb9f2631b0B,3,34088.9523,6899.417156740274,1668347239
0x74D72dBEC522D1beEb63d1Ed4d88eedBaBabec04,16,329233.0297,99917.40753906721,1684336832
0x53159CE2D1005fC9342495C6842187844BD887f3,4,26435.070884365658,3639.198920626833,1689942925
0x53159CE2D1005fC9342495C6842187844BD887f3,6,0,0,1658245229
0x1ed9cB1d102270F377DFb9B7781a28FBBD79A38E,8,822.303,86.08505652046233,1691214904
0x1ed9cB1d102270F377DFb9B7781a28FBBD79A38E,12,725528.7064137339,86802.11087562553,1684364263
0x6dfA953E75B79bb1515e4D306C771c9b7806134E,1,0,0.000221824526730849,1653132233
0x43Dd31c872352345E73193505Cfd0f44969062F7,7,1836.8638,462.42952970489597,1668425685
0x9f3b5c1d9BC72bd163b5b601C4FE399151A4b70b,4,13223.489953848366,1770.0670300066054,1688406645
0x109910D0B5b401A3726A36560243ab49Ba4b32e7,2,0,0,1655580940
0xd48F21871c2FE19f06e930703Ffca7AF1DCbd7a4,5,0,0,1653414678
0xd48F21871c2FE19f06e930703Ffca7AF1DCbd7a4,10,0.000038701926986506,4.081908227060832,1656008353
0x1E22FC22BFf8DDE1Bc0Cd64c707D04B500e285b9,15,920351.0472,140877.9941269785,1680963729
0xd48F21871c2FE19f06e930703Ffca7AF1DCbd7a4,3,8806.666967639458,1.5286559798597887,1674217367
0xE398a529dC871516FC174279FC13Cfd0dC571288,4,33.0841,9.613666656898783,1685015018
0x0eCfC972F9Db84C62bFBEa8237fdE2D6c7926ba3,5,0,0,1653830058
0xa91c0688725f71DD0C1FC48F1f15025fEfBe750d,12,57978562.784355626,560883.0279220814,1699906654
0x3fad424Bc50eC35Ca2FE377a7A62Abe3609AE3d4,20,8538.7662,815.52649640625,1664172545
0x78a6E0AE1216001Cb00f4254349006a947fdE52F,4,192324.5224,605.8039498482038,1685436463
0x12A366790C7B01a099Ee70482a94FF96ae27c975,12,140177379.6410125,2156935.8682696973,1686813398
0x24C7515e9406f353240ae1BeEbcA06Ca0B827b9C,25,25925.9741,16485.91276417699,1660990138
0xD18647d63B8BF738D8CEAB93e159d62BD397fE0F,4,561.693191577147,9.989995541199894,1685626634
0xEb8885DEc4df6f6d1E71f40d38a21b3Bc021adD1,4,1100,301.73443683409437,1685870639
0xED64CF094Bb61eB9c2D5fcf3e0b84b951b451a68,3,50091.205317755244,5823.14455146595,1669907913
0x9AB50A1e5CF0128357a3f0fA869DCF98B5C98171,2,1946.8432424773828,127.36704583036511,1657023263
0x5f53667eAfA08a0AA29196F0E781535D34fB7fe7,2,10520,143.73799539573818,1671118961
0xaE4311DdF750b6d36C0A828c13f1Ac0b66E0a50b,16,49502.9276,12017.188870972519,1688836158
0x1ed9cB1d102270F377DFb9B7781a28FBBD79A38E,11,728931.8740012737,65408.15544462936,1670365997
0x1ed9cB1d102270F377DFb9B7781a28FBBD79A38E,4,210.18926176811658,18.86183861245974,1695571621
0x1ed9cB1d102270F377DFb9B7781a28FBBD79A38E,16,1434982.5394,128767.06698543615,1695572035
0x12A366790C7B01a099Ee70482a94FF96ae27c975,9,0.000036196027628735,0.000001873697080323,1656120934
0x0eCfC972F9Db84C62bFBEa8237fdE2D6c7926ba3,9,0,62517.23650136165,1656296539
0xbce1940EBb32494D3d505a67bA6A511eDf9fe218,3,397.9298,65.74192976599188,1671278928
0x0567b5498f3B78212b8fb2D74De2061325ceef88,3,11318.250124892778,128.33350938795533,1677064559
0x7414B5965A6624f19aC9e3805b21E6A3946bf33b,11,127721.0009,30586.742421716233,1671716960
0x721cca994b9200303476D4bAeF37C0b2274e5dc2,16,4518289.53,1060487.9419008903,1687951717
0x53159CE2D1005fC9342495C6842187844BD887f3,12,456765.47023064725,124571.83617606836,1689537315
0xE54a125d4728b288e8dd6e101bFd792fA1919B4e,7,4893.1243,950.0122008373843,1672058495
0x9f3b5c1d9BC72bd163b5b601C4FE399151A4b70b,8,10488.9522,1637.9941024707002,1688043518
0xC2763d05e132e296CC139b700FC6A1c3166ca3B3,3,3615.9517,53.91588540059995,1672258164
0x02DAC86bCf7536b8aad87BabFb49bb9b5693290C,14,44937.2,3432.0635455377983,1659301326
0x02DAC86bCf7536b8aad87BabFb49bb9b5693290C,10,6525.7968,872.19621871672,1659301512
0x02DAC86bCf7536b8aad87BabFb49bb9b5693290C,2,2.1583,0.1648334417662354,1659301767
0xA29A19D9F3DB5D10b13593A6149244D8CCda1D58,25,0,0,1658037321
0x93A5CDFE67C9cbd7Cc07e8EAa66DD797a4083dA2,11,568569.8142,126306.75655838942,1672627980
0xE8A0Cd2c31C8642E2fB1C70fa4BC40dE01d0d909,11,442423.4399528762,49933.27773682141,1678372090
0xd48F21871c2FE19f06e930703Ffca7AF1DCbd7a4,15,4574390.0325,51014.660590504376,1673025264
0x512BfEba4cBe1e4D44224751a0121e1b7fdbf8D5,2,0,0,1662027995
0x1a59b6529Aa87d36DE2Afa7EaC4564A6fd495E34,8,2923.1245,200.3485580772514,1697200178
0xa5c349C710B76b3aF8EBc3Fb6ea9F4B7Eb776A21,8,29.5753,7.262735971464992,1689224920
0x12A366790C7B01a099Ee70482a94FF96ae27c975,8,1079.0234,24.61233009366121,1689396092
0x12A366790C7B01a099Ee70482a94FF96ae27c975,4,181409.8032674143,2093.8405089835783,1692345304
0x12A366790C7B01a099Ee70482a94FF96ae27c975,5,0,0,1658122715
0x12A366790C7B01a099Ee70482a94FF96ae27c975,16,281161.9235,58216.234559691075,1689405247
0x109910D0B5b401A3726A36560243ab49Ba4b32e7,11,405025.5817,83742.97676518597,1673436814
0x74F062e3973361460f8d8Df0Ad891F5d0F4598C9,16,1142595.9,236064.37811186645,1689429025
0x996b38318050ce809c0F94d9d7bC5ec8cF52bfd0,4,2000,405.57393455098935,1689629631
0xC2965152107f68985C5eD663d500C15ADD1d7747,4,1239.8168,250.44686213035007,1689670830
0xdB5F300E353C19b45b18F51B70bb832C3eD41AC0,16,8960,1804.329716894977,1689703790
0xED64CF094Bb61eB9c2D5fcf3e0b84b951b451a68,2,16345.2836,1090.5257466183282,1660824012
0xb776CC51A322ccCF4C55Cb4f8B66Ec9C1F4496a9,14,0,0.11792710045632208,1660920031
0x2498396A4855F9291b0D0E619E61976a7f37fD58,3,10000.2144,1312.751508563653,1673954609
0x71b16cB09F8ef4A7C64fa291aFcC087f647f53d4,18,0,0,1658669596
0x71b16cB09F8ef4A7C64fa291aFcC087f647f53d4,20,0,0,1658679986
0xF6C88d602803209DFD7665dC95995Da10AA8A983,13,0,0,1659048726
0x0567b5498f3B78212b8fb2D74De2061325ceef88,11,2608821.13759081,44368.52286844748,1677064649
0xebAe34a04aD07411097D13B8845cECBd5741b239,4,100000.0506,1420.3355740927852,1690378817
0xDb52504e924279413df8aCE694C8Ebf6562Df56e,12,267472.3664,66735.49532947263,1690452614
0x928d447Fa8238eaFb7B2ca255A5323f1F01FC197,2,0,0,1667554153
0xd48F21871c2FE19f06e930703Ffca7AF1DCbd7a4,4,2644.0472447936095,0.6919495786175053,1690859638
0x928d447Fa8238eaFb7B2ca255A5323f1F01FC197,1,0,0,1659599571
0x276B68CF370c8804E47493F1077A0c4ECba629B0,2,1860,109.3090197869102,1662077551
0x66bB7052389c3546E7E84206dEdc23954FbA83D1,2,0,0.000293178503297115,1662128366
0x2da3F03389E2fB33db7D116520753F1cCE77b6f8,15,135423.6,15535.582740532724,1675259734
0x592b7511709a3d03AfA4cd58a643048fdfb36472,2,5520.33745328944,123.34943369561927,1662375037
0xF297937aF50209233100A619651b4D8c35921706,3,3509,398.7135521055302,1675345866
0xF6C88d602803209DFD7665dC95995Da10AA8A983,10,980160.3734122678,51515.82406893585,1662718885
0x928d447Fa8238eaFb7B2ca255A5323f1F01FC197,11,7772806.2314,576729.6170077431,1683106628
0x1E22FC22BFf8DDE1Bc0Cd64c707D04B500e285b9,16,977914.7896,152569.36845717012,1692087993
0x1E22FC22BFf8DDE1Bc0Cd64c707D04B500e285b9,4,2257.3831,352.1799379400609,1692088128
0x7043C5f10084B34355B0429C77a9116172795F24,16,15305467.7388,2254493.0683258884,1692546064
0x1f132Df7De701143F65CA5757497316Aa6edEb9b,19,5.1689,0.49205556298357433,1661462290
0x964d495B802793Ade6058F6720cA13715ed7217D,16,206562718.7512,29442813.786990408,1692797419
0x72EB2F200a26b35f1420DD8D5D5DBb9dCFb7e48D,4,224.5465,31.681716828652966,1692872351
0x6c961fFF8a1F49e0a01A36eeE5169ceD8A6163C5,8,191.214,31.12913169708904,1692953774
0xf7C061d66e577f83Ee3e50e097F4f8E6Ed1012a7,7,533.0631,61.94987339974315,1676974244
0x53C027C67186105A615dBAf24161254a2B3d02F4,4,4552.920028202435,214.5631995688082,1693332861
0xCDeceeAA985Aef51A45C79418F3EC9254C22e680,4,2145.3151,279.98451859663624,1693428561
0x928d447Fa8238eaFb7B2ca255A5323f1F01FC197,6,0,0,1664791471
0x71b16cB09F8ef4A7C64fa291aFcC087f647f53d4,19,0,0,1662816634
0x12A366790C7B01a099Ee70482a94FF96ae27c975,17,0,0,1662985542
0x12A366790C7B01a099Ee70482a94FF96ae27c975,21,0,0,1664262419
0x3960Ed181a94665f674A944ddC0e3d930Ed5225D,3,4261.9104,316.9519084489498,1678440946
0x75e6Aaf6F924143B18bbbAC95f152aD33e988e07,8,3545.5816,458.3997296419305,1694463568
0x928d447Fa8238eaFb7B2ca255A5323f1F01FC197,10,0,0,1667554062
0x12A366790C7B01a099Ee70482a94FF96ae27c975,19,0,0,1663564106
0xb0d14cE08B46f58351C3d10885b7A824F9b01D79,4,13479.05,1358.2184222754947,1694991952
0xb776CC51A322ccCF4C55Cb4f8B66Ec9C1F4496a9,15,326223.6,19560.518499223745,1679576885
0x66bB7052389c3546E7E84206dEdc23954FbA83D1,3,1332.9045259434934,19.6373320790794,1679843823
0x109910D0B5b401A3726A36560243ab49Ba4b32e7,3,1009.2791,53.07328199638255,1680158343
0x3A011D8801AB16eb52D09d64f614be1B08916B52,12,75873317.23727638,7428990.34527204,1696428446
0x3A011D8801AB16eb52D09d64f614be1B08916B52,4,15998.2142,1174.7464945417921,1696428701
0x9aAC623163472f90E48032Aa1205B0AF0b228F46,4,87.0671,5.659472487361111,1696871707
0xD3F51a25e2d9dA029f0517f91A437a5cE85ee329,4,5104.213207255347,96.30317943757439,1696969441
0xA517518318E096b2276CfFEd406ADc5b8D4b079E,16,9529832.1593,432107.5388261232,1697904969
0xA517518318E096b2276CfFEd406ADc5b8D4b079E,4,5625.2219,255.03852805543,1697905194
0x937D9B0adE48526b9e32a403cAEBD8eF8624628C,15,7084669.8987,138633.4388239425,1682761432
0x63a90668aECd88F64f5E444490e57DC5DDFA2a2F,3,1221.0395,23.17628684141933,1682807735
0x53C027C67186105A615dBAf24161254a2B3d02F4,16,2696171.7403,72135.52090383465,1698881951
0x33d27f5F998BE73b5eaC7a9d9281512dfCC5492b,4,126628.11086406645,138.98013377883174,1699192520
0x028F0A0130a4B546562ea10Dec8B42ACFD119e04,3,3613,29.8610050608828,1683652583
0xA2dCcdDAe8D0Bd4D4dcd532Bc2bb8f01506c365d,4,96553.12654268072,106.20292817374428,1699799885
0x928d447Fa8238eaFb7B2ca255A5323f1F01FC197,12,31088451.3331,364794.8217081702,1699825631
0xB67c21C44fBD66AcA78e93F843d8bde98Af73762,4,10,0.06130764840182648,1699965956
0x3CDF7A4c9FD6011F1680A93105700Fcde1167598,12,58780.2823,186.38807019115671,1700163191